sample_id,word_id,word,lemma,pos
BCr.27a40,http://gams.uni-graz.at/o:glossvibe.bvi#BCr.27a40.0,idest,idest,NA
BCr.27a40,http://gams.uni-graz.at/o:glossvibe.bvi#BCr.27a40.1,sidera,sidus,NOUN
BCr.27a40,http://gams.uni-graz.at/o:glossvibe.bvi#BCr.27a40.2,uel,uel,CCONJ
BCr.27a40,http://gams.uni-graz.at/o:glossvibe.bvi#BCr.27a40.3,spatia,spatium,NOUN
BVi.01a06,http://gams.uni-graz.at/o:glossvibe.bvi#BVi.01a06.0,sideera,sidus,NOUN
BVi.01a06,http://gams.uni-graz.at/o:glossvibe.bvi#BVi.01a06.1,uel,uel,CCONJ
BVi.01a06,http://gams.uni-graz.at/o:glossvibe.bvi#BVi.01a06.2,spatia,spatium,NOUN
BVi.01a07,http://gams.uni-graz.at/o:glossvibe.bvi#BVi.01a07.0,eo,is,PRON
BVi.01a07,http://gams.uni-graz.at/o:glossvibe.bvi#BVi.01a07.1,quorum,qui,PRON
BVi.01a07,http://gams.uni-graz.at/o:glossvibe.bvi#BVi.01a07.2,qui,qui,PRON
Ang.50a02c,http://gams.uni-graz.at/o:glossvibe.bvi#Ang.50a02c.0,fit,facio,VERB
Ang.50a02c,http://gams.uni-graz.at/o:glossvibe.bvi#Ang.50a02c.1,lumen,lumen,NOUN
Ang.50a02c,http://gams.uni-graz.at/o:glossvibe.bvi#Ang.50a02c.2,in,in,ADP
Ang.50a02c,http://gams.uni-graz.at/o:glossvibe.bvi#Ang.50a02c.3,eis,is,PRON
Ang.50a02c,http://gams.uni-graz.at/o:glossvibe.bvi#Ang.50a02c.4,in,in,ADP
Ang.50a02c,http://gams.uni-graz.at/o:glossvibe.bvi#Ang.50a02c.5,hoc,hic,DET
Ang.50a02c,http://gams.uni-graz.at/o:glossvibe.bvi#Ang.50a02c.6,tempore,tempus,NOUN
BVi.01a19a,http://gams.uni-graz.at/o:glossvibe.bvi#BVi.01a19a.0,uel,uel,CCONJ
BVi.01a19a,http://gams.uni-graz.at/o:glossvibe.bvi#BVi.01a19a.1,absida,absida,NOUN
BVi.01a19a,http://gams.uni-graz.at/o:glossvibe.bvi#BVi.01a19a.2,sedes,sedes,NOUN
BVi.01a19a,http://gams.uni-graz.at/o:glossvibe.bvi#BVi.01a19a.3,episcopalis,episcopalis,ADJ
BVi.01a19a,http://gams.uni-graz.at/o:glossvibe.bvi#BVi.01a19a.4,et,et,CCONJ
BVi.01a19a,http://gams.uni-graz.at/o:glossvibe.bvi#BVi.01a19a.5,?,,NA
BVi.01a19a,http://gams.uni-graz.at/o:glossvibe.bvi#BVi.01a19a.6,graecus,graecus,NOUN
BVi.01a19a,http://gams.uni-graz.at/o:glossvibe.bvi#BVi.01a19a.7,et,et,CCONJ
BVi.01a19a,http://gams.uni-graz.at/o:glossvibe.bvi#BVi.01a19a.8,interpretatur,interpretor,VERB
BVi.01a19a,http://gams.uni-graz.at/o:glossvibe.bvi#BVi.01a19a.9,splendida,splendidus,ADJ
BCr.27a53,http://gams.uni-graz.at/o:glossvibe.bvi#BCr.27a53.0,apparent,appareo,VERB
BCr.27b03,http://gams.uni-graz.at/o:glossvibe.bvi#BCr.27b03.0,idest,idest,NA
BCr.27b03,http://gams.uni-graz.at/o:glossvibe.bvi#BCr.27b03.01,absida,absida,NOUN
BCr.27b03,http://gams.uni-graz.at/o:glossvibe.bvi#BCr.27b03.02,graece,graece,ADV
BCr.27b03,http://gams.uni-graz.at/o:glossvibe.bvi#BCr.27b03.03,interpretatur,interpretor,VERB
BCr.27b03,http://gams.uni-graz.at/o:glossvibe.bvi#BCr.27b03.04,lucida,lucidus,ADJ
BCr.27b03,http://gams.uni-graz.at/o:glossvibe.bvi#BCr.27b03.05,eo,is,PRON
BCr.27b03,http://gams.uni-graz.at/o:glossvibe.bvi#BCr.27b03.06,quorum,qui,PRON
BCr.27b03,http://gams.uni-graz.at/o:glossvibe.bvi#BCr.27b03.07,lumine,lumen,NOUN
BCr.27b03,http://gams.uni-graz.at/o:glossvibe.bvi#BCr.27b03.08,accepto,accipio,VERB
BCr.27b03,http://gams.uni-graz.at/o:glossvibe.bvi#BCr.27b03.09,per,per,ADP
BCr.27b03,http://gams.uni-graz.at/o:glossvibe.bvi#BCr.27b03.10,arcam,arca,NOUN
BCr.27b03,http://gams.uni-graz.at/o:glossvibe.bvi#BCr.27b03.11,resplendeat,resplendeo,VERB
BCr.27b03,http://gams.uni-graz.at/o:glossvibe.bvi#BCr.27b03.12,sed,sed,CCONJ
BCr.27b03,http://gams.uni-graz.at/o:glossvibe.bvi#BCr.27b03.13,utrum,utrum,ADV
BCr.27b03,http://gams.uni-graz.at/o:glossvibe.bvi#BCr.27b03.14,absidam,absida,NOUN
BCr.27b03,http://gams.uni-graz.at/o:glossvibe.bvi#BCr.27b03.15,an,an,CCONJ
BCr.27b03,http://gams.uni-graz.at/o:glossvibe.bvi#BCr.27b03.16,absidam,absida,NOUN
BCr.27b03,http://gams.uni-graz.at/o:glossvibe.bvi#BCr.27b03.17,dicere,dico,VERB
BCr.27b03,http://gams.uni-graz.at/o:glossvibe.bvi#BCr.27b03.18,debemus,debeo,VERB
BCr.27b03,http://gams.uni-graz.at/o:glossvibe.bvi#BCr.27b03.19,hic,hic,DET
BCr.27b03,http://gams.uni-graz.at/o:glossvibe.bvi#BCr.27b03.20,uerbi,uerbum,NOUN
BCr.27b03,http://gams.uni-graz.at/o:glossvibe.bvi#BCr.27b03.21,genus,genus,NOUN
BCr.27b03,http://gams.uni-graz.at/o:glossvibe.bvi#BCr.27b03.22,hic,hic,DET
BCr.27b03,http://gams.uni-graz.at/o:glossvibe.bvi#BCr.27b03.23,uerbi,uerbum,NOUN
BCr.27b03,http://gams.uni-graz.at/o:glossvibe.bvi#BCr.27b03.24,genus,genus,NOUN
BCr.27b03,http://gams.uni-graz.at/o:glossvibe.bvi#BCr.27b03.25,ambiguum,ambiguus,ADJ
BCr.27b03,http://gams.uni-graz.at/o:glossvibe.bvi#BCr.27b03.26,quidam,quidam,PRON
BCr.27b03,http://gams.uni-graz.at/o:glossvibe.bvi#BCr.27b03.27,doctorum,doctor,NOUN
BCr.27b03,http://gams.uni-graz.at/o:glossvibe.bvi#BCr.27b03.28,existimant,existimo,VERB
BVi.01a18.05,http://gams.uni-graz.at/o:glossvibe.bvi#BVi.01a18.05.2,absida,absida,NOUN
BVi.01a18.05,http://gams.uni-graz.at/o:glossvibe.bvi#BVi.01a18.05.3,graece,graece,ADV
BVi.01a18.05,http://gams.uni-graz.at/o:glossvibe.bvi#BVi.01a18.05.4,circulus,circulus,NOUN
BVi.01a18.05,http://gams.uni-graz.at/o:glossvibe.bvi#BVi.01a18.05.5,interpretatur,interpretor,VERB
Sg.55.32,http://gams.uni-graz.at/o:glossvibe.bvi#Sg.55.32.0,idest,idest,NA
Sg.55.32,http://gams.uni-graz.at/o:glossvibe.bvi#Sg.55.32.1,absida,absida,NOUN
Sg.55.32,http://gams.uni-graz.at/o:glossvibe.bvi#Sg.55.32.2,graece,graece,ADV
Sg.55.32,http://gams.uni-graz.at/o:glossvibe.bvi#Sg.55.32.3,interpretatur,interpretor,VERB
Sg.55.32,http://gams.uni-graz.at/o:glossvibe.bvi#Sg.55.32.4,lucida,lucidus,ADJ
Ang.50a09c,http://gams.uni-graz.at/o:glossvibe.bvi#Ang.50a09c.0,aiunt,aio,VERB
BVi.01a20,http://gams.uni-graz.at/o:glossvibe.bvi#BVi.01a20.0,aiunt,aio,VERB
Ang.50a09e,http://gams.uni-graz.at/o:glossvibe.bvi#Ang.50a09e.0,lunae,luna,NOUN
BVi.01a21,http://gams.uni-graz.at/o:glossvibe.bvi#BVi.01a21.0,lune,luna,NOUN
Ang.50a11b,http://gams.uni-graz.at/o:glossvibe.bvi#Ang.50a11b.0,ut,ut,SCONJ
Ang.50a11b,http://gams.uni-graz.at/o:glossvibe.bvi#Ang.50a11b.1,fit,facio,VERB
Ang.50a11b,http://gams.uni-graz.at/o:glossvibe.bvi#Ang.50a11b.2,lucerna,lucerna,NOUN
Ang.50a11b,http://gams.uni-graz.at/o:glossvibe.bvi#Ang.50a11b.3,contra,contra,ADP
Ang.50a11b,http://gams.uni-graz.at/o:glossvibe.bvi#Ang.50a11b.4,corpus,corpus,NOUN
Ang.50a11b,http://gams.uni-graz.at/o:glossvibe.bvi#Ang.50a11b.5,hominis,homo,NOUN
BCr.27b06,http://gams.uni-graz.at/o:glossvibe.bvi#BCr.27b06.0,ut,ut,SCONJ
BCr.27b06,http://gams.uni-graz.at/o:glossvibe.bvi#BCr.27b06.1,fit,facio,VERB
BCr.27b06,http://gams.uni-graz.at/o:glossvibe.bvi#BCr.27b06.2,candela,candela,NOUN
BCr.27b06,http://gams.uni-graz.at/o:glossvibe.bvi#BCr.27b06.3,contra,contra,ADP
BCr.27b06,http://gams.uni-graz.at/o:glossvibe.bvi#BCr.27b06.4,corpus,corpus,NOUN
BCr.27b06,http://gams.uni-graz.at/o:glossvibe.bvi#BCr.27b06.5,hominis,homo,NOUN
BVi.01a28,http://gams.uni-graz.at/o:glossvibe.bvi#BVi.01a28.0,ut,ut,SCONJ
BVi.01a28,http://gams.uni-graz.at/o:glossvibe.bvi#BVi.01a28.1,lucerna,lucerna,NOUN
BVi.01a28,http://gams.uni-graz.at/o:glossvibe.bvi#BVi.01a28.2,fit,facio,VERB
Sg.55.38,http://gams.uni-graz.at/o:glossvibe.bvi#Sg.55.38.0,idest,idest,NA
Sg.55.38,http://gams.uni-graz.at/o:glossvibe.bvi#Sg.55.38.1,ut,ut,SCONJ
Sg.55.38,http://gams.uni-graz.at/o:glossvibe.bvi#Sg.55.38.2,fit,facio,VERB
Sg.55.38,http://gams.uni-graz.at/o:glossvibe.bvi#Sg.55.38.3,candela,candela,NOUN
Sg.55.38,http://gams.uni-graz.at/o:glossvibe.bvi#Sg.55.38.4,contra,contra,ADP
Sg.55.38,http://gams.uni-graz.at/o:glossvibe.bvi#Sg.55.38.5,corpus,corpus,NOUN
Sg.55.38,http://gams.uni-graz.at/o:glossvibe.bvi#Sg.55.38.6,hominis,homo,NOUN
Ang.50a14c,http://gams.uni-graz.at/o:glossvibe.bvi#Ang.50a14c.0,paulatim,paulatim,ADV
BVi.01a30,http://gams.uni-graz.at/o:glossvibe.bvi#BVi.01a30.0,paulatim,paulatim,ADV
Ang.50a20,http://gams.uni-graz.at/o:glossvibe.bvi#Ang.50a20.0,cupida,auara,NOUN
Ang.50a20,http://gams.uni-graz.at/o:glossvibe.bvi#Ang.50a20.1,auara,cupidus,ADJ
BCr.27b23a,http://gams.uni-graz.at/o:glossvibe.bvi#BCr.27b23a.0,idest,idest,NA
BCr.27b23a,http://gams.uni-graz.at/o:glossvibe.bvi#BCr.27b23a.1,auara,auara,NOUN
BVi.01a38,http://gams.uni-graz.at/o:glossvibe.bvi#BVi.01a38.0,auara,auara,NOUN
BVi.01a38,http://gams.uni-graz.at/o:glossvibe.bvi#BVi.01a38.1,cupida,cupidus,ADJ
BCr.27b28,http://gams.uni-graz.at/o:glossvibe.bvi#BCr.27b28.0,idest,idest,NA
BCr.27b28,http://gams.uni-graz.at/o:glossvibe.bvi#BCr.27b28.1,quaerere,quaero,VERB
BVi.01a45,http://gams.uni-graz.at/o:glossvibe.bvi#BVi.01a45.0,cetera,ceterus,DET
Ang.50a25b,http://gams.uni-graz.at/o:glossvibe.bvi#Ang.50a25b.0,apud,apud,ADP
Ang.50a25b,http://gams.uni-graz.at/o:glossvibe.bvi#Ang.50a25b.1,scithas,scythae,NOUN
BCr.27b34,http://gams.uni-graz.at/o:glossvibe.bvi#BCr.27b34.0,apud,apud,ADP
BCr.27b34,http://gams.uni-graz.at/o:glossvibe.bvi#BCr.27b34.1,scithios,scythae,NOUN
BVi.01a46a,http://gams.uni-graz.at/o:glossvibe.bvi#BVi.01a46a.0,idest,idest,NA
BVi.01a46a,http://gams.uni-graz.at/o:glossvibe.bvi#BVi.01a46a.1,apud,apud,ADP
BVi.01a46a,http://gams.uni-graz.at/o:glossvibe.bvi#BVi.01a46a.2,scithas,scythae,NOUN
Ang.50a26a,http://gams.uni-graz.at/o:glossvibe.bvi#Ang.50a26a.0,causa,causa,NOUN
Ang.50a26a,http://gams.uni-graz.at/o:glossvibe.bvi#Ang.50a26a.1,diei,dies,NOUN
Ang.50a26a,http://gams.uni-graz.at/o:glossvibe.bvi#Ang.50a26a.2,modici,modicus,ADJ
BCr.27b35,http://gams.uni-graz.at/o:glossvibe.bvi#BCr.27b35.0,causa,causa,NOUN
BCr.27b35,http://gams.uni-graz.at/o:glossvibe.bvi#BCr.27b35.1,diei,dies,NOUN
BCr.27b35,http://gams.uni-graz.at/o:glossvibe.bvi#BCr.27b35.2,modici,modicus,ADJ
BVi.01a46b,http://gams.uni-graz.at/o:glossvibe.bvi#BVi.01a46b.0,causa,causa,NOUN
BVi.01a46b,http://gams.uni-graz.at/o:glossvibe.bvi#BVi.01a46b.1,diei,dies,NOUN
BVi.01a46b,http://gams.uni-graz.at/o:glossvibe.bvi#BVi.01a46b.2,modici,modicus,ADJ
Ang.50a26b,http://gams.uni-graz.at/o:glossvibe.bvi#Ang.50a26b.0,somno,somnus,NOUN
BVi.01a47a,http://gams.uni-graz.at/o:glossvibe.bvi#BVi.01a47a.0,somno,somnus,NOUN
Ang.50a27a,http://gams.uni-graz.at/o:glossvibe.bvi#Ang.50a27a.0,nox,nox,NOUN
BVi.01a47b,http://gams.uni-graz.at/o:glossvibe.bvi#BVi.01a47b.0,nox,nox,NOUN
Ang.50b03f,http://gams.uni-graz.at/o:glossvibe.bvi#Ang.50b03f.0,idest,idest,NA
Ang.50b03f,http://gams.uni-graz.at/o:glossvibe.bvi#Ang.50b03f.1,ad,ad,ADP
Ang.50b03f,http://gams.uni-graz.at/o:glossvibe.bvi#Ang.50b03f.2,septem,septem,NUM
BVi.01b14,http://gams.uni-graz.at/o:glossvibe.bvi#BVi.01b14.0,ad,ad,ADP
BVi.01b14,http://gams.uni-graz.at/o:glossvibe.bvi#BVi.01b14.1,septimo,septem,NUM
BVi.01b14,http://gams.uni-graz.at/o:glossvibe.bvi#BVi.01b14.2,numero,numerus,NOUN
BVi.01b22,http://gams.uni-graz.at/o:glossvibe.bvi#BVi.01b22.0,idest,idest,NA
BVi.01b22,http://gams.uni-graz.at/o:glossvibe.bvi#BVi.01b22.1,numer,,NA
BVi.01b24,http://gams.uni-graz.at/o:glossvibe.bvi#BVi.01b23.0,h.ex,,NA
Ang.50b12a,http://gams.uni-graz.at/o:glossvibe.bvi#Ang.50b12a.0,similitudine,similitudo,NOUN
Ang.50b12a,http://gams.uni-graz.at/o:glossvibe.bvi#Ang.50b12a.1,septimi,septimus 1,ADJ
Ang.50b12a,http://gams.uni-graz.at/o:glossvibe.bvi#Ang.50b12a.2,diei,dies,NOUN
Ang.50b12a,http://gams.uni-graz.at/o:glossvibe.bvi#Ang.50b12a.3,initii,initium,NOUN
Ang.50b12a,http://gams.uni-graz.at/o:glossvibe.bvi#Ang.50b12a.4,mundi,mundus,NOUN
BCr.27c22,http://gams.uni-graz.at/o:glossvibe.bvi#BCr.27c22.0,ad,ad,ADP
BCr.27c22,http://gams.uni-graz.at/o:glossvibe.bvi#BCr.27c22.1,similitudinem,similitudo,NOUN
BCr.27c22,http://gams.uni-graz.at/o:glossvibe.bvi#BCr.27c22.3,diei,dies,NOUN
BVi.01b28.10,http://gams.uni-graz.at/o:glossvibe.bvi#BVi.01b28.10.2,septimi,septimus 1,ADJ
BVi.01b28.10,http://gams.uni-graz.at/o:glossvibe.bvi#BVi.01b28.10.3,diei,dies,NOUN
BVi.01b28.10,http://gams.uni-graz.at/o:glossvibe.bvi#BVi.01b28.10.4,mundi,mundus,NOUN
BVi.01b38,http://gams.uni-graz.at/o:glossvibe.bvi#BVi.01b38.0,ebdomada,ebdomada,NOUN
Ang.50b32d,http://gams.uni-graz.at/o:glossvibe.bvi#Ang.50b32d.0,idest,idest,NA
Ang.50b32d,http://gams.uni-graz.at/o:glossvibe.bvi#Ang.50b32d.1,prouocat,prouoco,VERB
BVi.01c08,http://gams.uni-graz.at/o:glossvibe.bvi#BVi.01c08.0,prouocat,prouoco,VERB
Ang.50b36b,http://gams.uni-graz.at/o:glossvibe.bvi#Ang.50b36b.0,complet,compleo,VERB
Ang.50b36b,http://gams.uni-graz.at/o:glossvibe.bvi#Ang.50b36b.1,signiferum,signifer,ADJ
BCr.27c55,http://gams.uni-graz.at/o:glossvibe.bvi#BCr.27c55.0,idest,idest,NA
BCr.27c55,http://gams.uni-graz.at/o:glossvibe.bvi#BCr.27c55.1,complet,compleo,VERB
BCr.27c55,http://gams.uni-graz.at/o:glossvibe.bvi#BCr.27c55.2,uel,uel,CCONJ
BCr.27c55,http://gams.uni-graz.at/o:glossvibe.bvi#BCr.27c55.3,ministrat,ministro,VERB
BVi.01c14a,http://gams.uni-graz.at/o:glossvibe.bvi#BVi.01c14a.0,complet,compleo,VERB
BVi.01c14b,http://gams.uni-graz.at/o:glossvibe.bvi#BVi.01c14b.0,ueneri,dies ueneris,NOUN
Ang.50b37a,http://gams.uni-graz.at/o:glossvibe.bvi#Ang.50b37a.0,uelociore,uelox,ADJ
BVi.01c15,http://gams.uni-graz.at/o:glossvibe.bvi#BVi.01c15.0,uelociorium,uelox,ADJ
Ang.51a05a,http://gams.uni-graz.at/o:glossvibe.bvi#Ang.51a05a.0,martis,mars,NOUN
BVi.01c22b,http://gams.uni-graz.at/o:glossvibe.bvi#BVi.01c22b.0,martis,mars,NOUN
BVi.01c22a,http://gams.uni-graz.at/o:glossvibe.bvi#BVi.01c22a.0,uiligro,,NA
BVi.01c22a,http://gams.uni-graz.at/o:glossvibe.bvi#BVi.01c22a.1,cis,,NA
Ang.51a05d,http://gams.uni-graz.at/o:glossvibe.bvi#Ang.51a05d.0,mercurius,mercurius,NOUN
BVi.01c22d,http://gams.uni-graz.at/o:glossvibe.bvi#BVi.01c22d.0,mercorius,mercurius,NOUN
Ang.51a05g,http://gams.uni-graz.at/o:glossvibe.bvi#Ang.51a05g.0,iouis,iuppiter,PROPN
BVi.01c23a,http://gams.uni-graz.at/o:glossvibe.bvi#BVi.01c23a.0,ioppiter,iuppiter,PROPN
Ang.51a06b,http://gams.uni-graz.at/o:glossvibe.bvi#Ang.51a06b.0,uener,dies ueneris,NOUN
BVi.01c23b,http://gams.uni-graz.at/o:glossvibe.bvi#BVi.01c23b.0,ueneri,dies ueneris,NOUN
Ang.51a06e,http://gams.uni-graz.at/o:glossvibe.bvi#Ang.51a06e.0,dies,dies,NOUN
Ang.51a06e,http://gams.uni-graz.at/o:glossvibe.bvi#Ang.51a06e.1,ebdomadae,ebdomada,NOUN
Ang.51a06c,http://gams.uni-graz.at/o:glossvibe.bvi#Ang.51a06c.0,saturnus,saturnus,NOUN
BVi.01c24a,http://gams.uni-graz.at/o:glossvibe.bvi#BVi.01c24a.0,saturnus,saturnus,NOUN
Ang.51a16e,http://gams.uni-graz.at/o:glossvibe.bvi#Ang.51a16e.0,idest,idest,NA
Ang.51a16e,http://gams.uni-graz.at/o:glossvibe.bvi#Ang.51a16e.1,una,unus,NUM
Ang.51a16e,http://gams.uni-graz.at/o:glossvibe.bvi#Ang.51a16e.2,die,dies,NOUN
Ang.51a16e,http://gams.uni-graz.at/o:glossvibe.bvi#Ang.51a16e.3,dominico,dominicus,ADJ
BCr.27d44,http://gams.uni-graz.at/o:glossvibe.bvi#BCr.27d44.0,uno,unus,NUM
BCr.27d44,http://gams.uni-graz.at/o:glossvibe.bvi#BCr.27d44.1,die,dies,NOUN
BVi.01c38.16,http://gams.uni-graz.at/o:glossvibe.bvi#BVi.01c38.16.0,uno,unus,NUM
Sg.57.37b,http://gams.uni-graz.at/o:glossvibe.bvi#Sg.57.37b.0,idest,idest,NA
Sg.57.37b,http://gams.uni-graz.at/o:glossvibe.bvi#Sg.57.37b.1,uno,unus,NUM
Sg.57.37b,http://gams.uni-graz.at/o:glossvibe.bvi#Sg.57.37b.2,die,dies,NOUN
Ang.51a22a,http://gams.uni-graz.at/o:glossvibe.bvi#Ang.51a22a.0,annorum,annus,NOUN
BVi.01d05a,http://gams.uni-graz.at/o:glossvibe.bvi#BVi.01d05a.0,annorum,annus,NOUN
Ang.51a22b,http://gams.uni-graz.at/o:glossvibe.bvi#Ang.51a22b.0,idest,idest,NA
Ang.51a22b,http://gams.uni-graz.at/o:glossvibe.bvi#Ang.51a22b.1,sacrificio,sacrificium,NOUN
Ang.51a24b,http://gams.uni-graz.at/o:glossvibe.bvi#Ang.51a24b.0,speramus,spero,VERB
BVi.01d09,http://gams.uni-graz.at/o:glossvibe.bvi#BVi.01d09.0,speramus,spero,VERB
Ang.51a26a,http://gams.uni-graz.at/o:glossvibe.bvi#Ang.51a26a.0,mundari,mundo,VERB
BCr.28a04,http://gams.uni-graz.at/o:glossvibe.bvi#BCr.28a04.0,idest,idest,NA
BCr.28a04,http://gams.uni-graz.at/o:glossvibe.bvi#BCr.28a04.1,mundari,mundo,VERB
BCr.28a04,http://gams.uni-graz.at/o:glossvibe.bvi#BCr.28a04.2,uel,uel,CCONJ
BCr.28a04,http://gams.uni-graz.at/o:glossvibe.bvi#BCr.28a04.3,consecrari,consecro,VERB
BCr.28a04,http://gams.uni-graz.at/o:glossvibe.bvi#BCr.28a04.4,uel,uel,CCONJ
BCr.28a04,http://gams.uni-graz.at/o:glossvibe.bvi#BCr.28a04.5,lauari,lauo,VERB
Sg.58.02,http://gams.uni-graz.at/o:glossvibe.bvi#Sg.58.02.0,idest,idest,NA
Sg.58.02,http://gams.uni-graz.at/o:glossvibe.bvi#Sg.58.02.1,mundari,mundo,VERB
BVi.01d30a,http://gams.uni-graz.at/o:glossvibe.bvi#BVi.01d30a.0,arg,argumentum,NOUN
BVi.01d30a,http://gams.uni-graz.at/o:glossvibe.bvi#BVi.01d30a.1,capientibus,capio,VERB
BVi.01d30a,http://gams.uni-graz.at/o:glossvibe.bvi#BVi.01d30a.2,et,et,CCONJ
BVi.01d30a,http://gams.uni-graz.at/o:glossvibe.bvi#BVi.01d30a.3,curiosis,curiosus,ADJ
Ang.51b03a,http://gams.uni-graz.at/o:glossvibe.bvi#Ang.51b03a.0,profetiam,prophetia,NOUN
BCr.28a30,http://gams.uni-graz.at/o:glossvibe.bvi#BCr.28a30.0,profetiae,prophetia,NOUN
BVi.01d30b,http://gams.uni-graz.at/o:glossvibe.bvi#BVi.01d30b.0,profoetie,prophetia,NOUN
BVi.01d30c,http://gams.uni-graz.at/o:glossvibe.bvi#BVi.01d30c.0,eclesiae,ecclesia,NOUN
BVi.01d37,http://gams.uni-graz.at/o:glossvibe.bvi#BVi.01d37.0,lex,lex,NOUN
Ang.51b08a,http://gams.uni-graz.at/o:glossvibe.bvi#Ang.51b08a.0,christus,christus,PROPN
Ang.51b08a,http://gams.uni-graz.at/o:glossvibe.bvi#Ang.51b08a.1,spiritu,spiritus,NOUN
Ang.51b08a,http://gams.uni-graz.at/o:glossvibe.bvi#Ang.51b08a.2,sancto,sanctus,ADJ
BCr.28a44,http://gams.uni-graz.at/o:glossvibe.bvi#BCr.28a44.0,spiritu,spiritus,NOUN
BCr.28a44,http://gams.uni-graz.at/o:glossvibe.bvi#BCr.28a44.1,sancto,sanctus,ADJ
BVi.01d40a,http://gams.uni-graz.at/o:glossvibe.bvi#BVi.01d40a.0,spiritus,spiritus,NOUN
BVi.01d40a,http://gams.uni-graz.at/o:glossvibe.bvi#BVi.01d40a.1,sanctus,sanctus,ADJ
Sg.58.25,http://gams.uni-graz.at/o:glossvibe.bvi#Sg.58.25.0,idest,idest,NA
Sg.58.25,http://gams.uni-graz.at/o:glossvibe.bvi#Sg.58.25.1,spiritu,sanctus,ADJ
Sg.58.25,http://gams.uni-graz.at/o:glossvibe.bvi#Sg.58.25.2,sancto,sanctus,ADJ
BVi.01d40b,http://gams.uni-graz.at/o:glossvibe.bvi#BVi.01d40b.0,profoetis,prophetium,NOUN
BVi.01d40b,http://gams.uni-graz.at/o:glossvibe.bvi#BVi.01d40b.1,et,et,CCONJ
BVi.01d40b,http://gams.uni-graz.at/o:glossvibe.bvi#BVi.01d40b.2,apostolis,apostolus,NOUN
BVi.01d24,http://gams.uni-graz.at/o:glossvibe.bvi#BVi.01d24.0,idest,idest,NA
BVi.01d24,http://gams.uni-graz.at/o:glossvibe.bvi#BVi.01d24.1,lunae,luna,NOUN
BVi.01d26a.18a,http://gams.uni-graz.at/o:glossvibe.bvi#BVi.01d26a.18a.0,idest,idest,NA
BVi.01d26a.18a,http://gams.uni-graz.at/o:glossvibe.bvi#BVi.01d26a.18a.1,anno,annus,NOUN
Ang.51a36b,http://gams.uni-graz.at/o:glossvibe.bvi#Ang.51a36b.0,idest,idest,NA
Ang.51a36b,http://gams.uni-graz.at/o:glossvibe.bvi#Ang.51a36b.1,ogdad,,NA
BCr.28a25,http://gams.uni-graz.at/o:glossvibe.bvi#BCr.28a25.0,ogdad,,NA
BCr.28a25,http://gams.uni-graz.at/o:glossvibe.bvi#BCr.28a25.1,et,et,CCONJ
BCr.28a25,http://gams.uni-graz.at/o:glossvibe.bvi#BCr.28a25.2,endicad,,NA
Ang.51b11d,http://gams.uni-graz.at/o:glossvibe.bvi#Ang.51b11d.0,angelus,angelus,NOUN
BVi.01d43,http://gams.uni-graz.at/o:glossvibe.bvi#BVi.01d43.0,angelus,angelus,NOUN
BVi.02a10,http://gams.uni-graz.at/o:glossvibe.bvi#BVi.02a10.0,dies,dies,NOUN
BCr.29a50,http://gams.uni-graz.at/o:glossvibe.bvi#BCr.29a50.0,in,in,ADP
BCr.29a50,http://gams.uni-graz.at/o:glossvibe.bvi#BCr.29a50.1,numero,numerus,NOUN
BVi.02a18a,http://gams.uni-graz.at/o:glossvibe.bvi#BVi.02a18a.0,numero,numerus,NOUN
BVi.02a18b,http://gams.uni-graz.at/o:glossvibe.bvi#BVi.02a18b.0,idest,idest,NA
BVi.02a18b,http://gams.uni-graz.at/o:glossvibe.bvi#BVi.02a18b.1,dies,dies,NOUN
Ang.53b01a,http://gams.uni-graz.at/o:glossvibe.bvi#Ang.53b01a.0,idest,idest,NA
Ang.53b01a,http://gams.uni-graz.at/o:glossvibe.bvi#Ang.53b01a.2,idest,idest,NA
Ang.53b01a,http://gams.uni-graz.at/o:glossvibe.bvi#Ang.53b01a.3,unus,unus,NUM
Ang.53b01a,http://gams.uni-graz.at/o:glossvibe.bvi#Ang.53b01a.4,deest,desum,VERB
Ang.53b01a,http://gams.uni-graz.at/o:glossvibe.bvi#Ang.53b01a.5,de,de,ADP
Ang.53b01a,http://gams.uni-graz.at/o:glossvibe.bvi#Ang.53b01a.6,l,(Roman numerals),NUM
BVi.02a19,http://gams.uni-graz.at/o:glossvibe.bvi#BVi.02a19.0,idest,idest,NA
BVi.02a19,http://gams.uni-graz.at/o:glossvibe.bvi#BVi.02a19.1,unus,unus,NUM
BVi.02a19,http://gams.uni-graz.at/o:glossvibe.bvi#BVi.02a19.2,deest,desum,VERB
BVi.02a19,http://gams.uni-graz.at/o:glossvibe.bvi#BVi.02a19.4,de,de,ADP
BCr.29b04,http://gams.uni-graz.at/o:glossvibe.bvi#BCr.29b04.0,in,in,ADP
BCr.29b04,http://gams.uni-graz.at/o:glossvibe.bvi#BCr.29b04.1,quo,qui,PRON
BCr.29b04,http://gams.uni-graz.at/o:glossvibe.bvi#BCr.29b04.2,fuit,sum,VERB
BCr.29b04,http://gams.uni-graz.at/o:glossvibe.bvi#BCr.29b04.3,noe,noe,PROPN
BVi.02a28.19a,http://gams.uni-graz.at/o:glossvibe.bvi#BVi.02a28.19a.0,idest,idest,NA
BVi.02a28.19a,http://gams.uni-graz.at/o:glossvibe.bvi#BVi.02a28.19a.1,noe,noe,PROPN
BVi.02a30a,http://gams.uni-graz.at/o:glossvibe.bvi#BVi.02a30a.0,et,et,CCONJ
BVi.02a30.20b,http://gams.uni-graz.at/o:glossvibe.bvi#BVi.02a30.20b.18a.1,nonus,nonus,NOUN
Ang.53b08b,http://gams.uni-graz.at/o:glossvibe.bvi#Ang.53b08b.0,luna,luna,NOUN
BVi.02a31,http://gams.uni-graz.at/o:glossvibe.bvi#BVi.02a31.0,idest,idest,NA
BVi.02a31,http://gams.uni-graz.at/o:glossvibe.bvi#BVi.02a31.1,luna,luna,NOUN
Ang.53b11a,http://gams.uni-graz.at/o:glossvibe.bvi#Ang.53b11a.0,ad,ad,ADP
Ang.53b11a,http://gams.uni-graz.at/o:glossvibe.bvi#Ang.53b11a.1,solem,sol,NOUN
Ang.53b11a,http://gams.uni-graz.at/o:glossvibe.bvi#Ang.53b11a.2,sequendum,sequor,VERB
Ang.53b11a,http://gams.uni-graz.at/o:glossvibe.bvi#Ang.53b11a.3,tamen,tamen,ADV
BVi.02a39,http://gams.uni-graz.at/o:glossvibe.bvi#BVi.02a39.0,signum,signum,NOUN
Ang.53b21,http://gams.uni-graz.at/o:glossvibe.bvi#Ang.53b21.0,idest,idest,NA
Ang.53b21,http://gams.uni-graz.at/o:glossvibe.bvi#Ang.53b21.1,solis,sol,NOUN
Ang.53b21,http://gams.uni-graz.at/o:glossvibe.bvi#Ang.53b21.2,et,et,CCONJ
Ang.53b21,http://gams.uni-graz.at/o:glossvibe.bvi#Ang.53b21.3,lunae,luna,NOUN
BVi.02b07,http://gams.uni-graz.at/o:glossvibe.bvi#BVi.02b07.0,solis,sol,NOUN
BVi.02b07,http://gams.uni-graz.at/o:glossvibe.bvi#BVi.02b07.1,et,et,CCONJ
BVi.02b07,http://gams.uni-graz.at/o:glossvibe.bvi#BVi.02b07.2,lunae,luna,NOUN
BCr.29c01,http://gams.uni-graz.at/o:glossvibe.bvi#BCr.29c01.0,super,super,ADP
BCr.29c01,http://gams.uni-graz.at/o:glossvibe.bvi#BCr.29c01.1,lunares,lunares,ADJ
BCr.29c01,http://gams.uni-graz.at/o:glossvibe.bvi#BCr.29c01.2,quia,quia,SCONJ
BCr.29c01,http://gams.uni-graz.at/o:glossvibe.bvi#BCr.29c01.3,mene,,NA
BCr.29c01,http://gams.uni-graz.at/o:glossvibe.bvi#BCr.29c01.4,luna,luna,NOUN
BCr.29c01,http://gams.uni-graz.at/o:glossvibe.bvi#BCr.29c01.5,interpretatur,interpretor,VERB
BCr.29c01,http://gams.uni-graz.at/o:glossvibe.bvi#BCr.29c01.6,et,et,CCONJ
BCr.29c01,http://gams.uni-graz.at/o:glossvibe.bvi#BCr.29c01.7,epo,,NA
BCr.29c01,http://gams.uni-graz.at/o:glossvibe.bvi#BCr.29c01.8,super,super,ADP
Sg.63.21,http://gams.uni-graz.at/o:glossvibe.bvi#Sg.63.21.0,idest,idest,NA
Sg.63.21,http://gams.uni-graz.at/o:glossvibe.bvi#Sg.63.21.1,super,super,ADP
Sg.63.21,http://gams.uni-graz.at/o:glossvibe.bvi#Sg.63.21.2,lunares,lunares,ADJ
Sg.63.21,http://gams.uni-graz.at/o:glossvibe.bvi#Sg.63.21.3,quia,quia,SCONJ
Sg.63.21,http://gams.uni-graz.at/o:glossvibe.bvi#Sg.63.21.4,mene,,NA
Sg.63.21,http://gams.uni-graz.at/o:glossvibe.bvi#Sg.63.21.5,luna,luna,NOUN
Sg.63.21,http://gams.uni-graz.at/o:glossvibe.bvi#Sg.63.21.6,interpretatur,interpretor,VERB
Sg.63.21,http://gams.uni-graz.at/o:glossvibe.bvi#Sg.63.21.7,et,et,CCONJ
Sg.63.21,http://gams.uni-graz.at/o:glossvibe.bvi#Sg.63.21.8,epo,,NA
Sg.63.21,http://gams.uni-graz.at/o:glossvibe.bvi#Sg.63.21.9,super,super,ADP
BCr.29c41,http://gams.uni-graz.at/o:glossvibe.bvi#BCr.29c41.0,idest,idest,NA
BCr.29c41,http://gams.uni-graz.at/o:glossvibe.bvi#BCr.29c41.1,astrologis,astrologus,NOUN
BCr.29c41,http://gams.uni-graz.at/o:glossvibe.bvi#BCr.29c41.2,quamuis,quamuis,SCONJ
BCr.29c41,http://gams.uni-graz.at/o:glossvibe.bvi#BCr.29c41.3,motauit,moto,VERB
BCr.29c41,http://gams.uni-graz.at/o:glossvibe.bvi#BCr.29c41.4,sensum,sensus,NOUN
BCr.29c41,http://gams.uni-graz.at/o:glossvibe.bvi#BCr.29c41.5,huius,hic,DET
BCr.29c41,http://gams.uni-graz.at/o:glossvibe.bvi#BCr.29c41.7,nobis,nos,PRON
Sg.64.17,http://gams.uni-graz.at/o:glossvibe.bvi#Sg.64.17.0,idest,idest,NA
Sg.64.17,http://gams.uni-graz.at/o:glossvibe.bvi#Sg.64.17.1,astrologis,astrologus,NOUN
Ang.54a33c,http://gams.uni-graz.at/o:glossvibe.bvi#Ang.54a33c.0,idest,idest,NA
Ang.54a33c,http://gams.uni-graz.at/o:glossvibe.bvi#Ang.54a33c.1,ianuaris,ianuarius,NOUN
Ang.54a33c,http://gams.uni-graz.at/o:glossvibe.bvi#Ang.54a33c.2,et,et,CCONJ
Ang.54a33c,http://gams.uni-graz.at/o:glossvibe.bvi#Ang.54a33c.3,februaris,februarius,NOUN
Ang.54a33c,http://gams.uni-graz.at/o:glossvibe.bvi#Ang.54a33c.4,á,a,ADP
Ang.54a33c,http://gams.uni-graz.at/o:glossvibe.bvi#Ang.54a33c.5,numa,numa,NOUN
BVi.02c28,http://gams.uni-graz.at/o:glossvibe.bvi#BVi.02c28.0,ianuaris,ianuarius,NOUN
BVi.02c28,http://gams.uni-graz.at/o:glossvibe.bvi#BVi.02c28.1,et,et,CCONJ
BVi.02c28,http://gams.uni-graz.at/o:glossvibe.bvi#BVi.02c28.2,februaris,februarius,NOUN
BVi.02c29a,http://gams.uni-graz.at/o:glossvibe.bvi#BVi.02c29a.0,metitoris,metitor,NOUN
BVi.02c29a,http://gams.uni-graz.at/o:glossvibe.bvi#BVi.02c29a.1,imperii,imperium,NOUN
BVi.02c29a,http://gams.uni-graz.at/o:glossvibe.bvi#BVi.02c29a.2,non,non,NOUN
BVi.02c29a,http://gams.uni-graz.at/o:glossvibe.bvi#BVi.02c29a.3,imperatoris,imperator,NOUN
BVi.02c29b,http://gams.uni-graz.at/o:glossvibe.bvi#BVi.02c29b.0,ut,ut,SCONJ
BVi.02c29b,http://gams.uni-graz.at/o:glossvibe.bvi#BVi.02c29b.1,iulius,iulius,NOUN
BVi.02c29b,http://gams.uni-graz.at/o:glossvibe.bvi#BVi.02c29b.2,uocaretur,uoco,VERB
BVi.02c29c,http://gams.uni-graz.at/o:glossvibe.bvi#BVi.02c29c.0,idest,idest,NA
BVi.02c29c,http://gams.uni-graz.at/o:glossvibe.bvi#BVi.02c29c.1,qui,qui,PRON
BVi.02c29c,http://gams.uni-graz.at/o:glossvibe.bvi#BVi.02c29c.2,dimicauit,dimico,VERB
BVi.02c29c,http://gams.uni-graz.at/o:glossvibe.bvi#BVi.02c29c.3,contra,contra,ADP
BVi.02c29c,http://gams.uni-graz.at/o:glossvibe.bvi#BVi.02c29c.4,augustum,augustus 2,PROPN
BVi.02cd01.21,http://gams.uni-graz.at/o:glossvibe.bvi#BVi.02cd01.21.0,Et,et,CCONJ
BVi.02cd01.21,http://gams.uni-graz.at/o:glossvibe.bvi#BVi.02cd01.21.02,horis,hora,NA
BVi.02cd01.21,http://gams.uni-graz.at/o:glossvibe.bvi#BVi.02cd01.21.03,lunaribus,lunaris,ADJ
BVi.02cd01.21,http://gams.uni-graz.at/o:glossvibe.bvi#BVi.02cd01.21.04,reliqua,reliquus,DET
BVi.02cd01.21,http://gams.uni-graz.at/o:glossvibe.bvi#BVi.02cd01.21.10,binís,binis,ADJ
BVi.02cd01.21,http://gams.uni-graz.at/o:glossvibe.bvi#BVi.02cd01.21.11,diebus,dies,NOUN
BVi.02cd01.21,http://gams.uni-graz.at/o:glossvibe.bvi#BVi.02cd01.21.12,et,et,CCONJ
BVi.02cd01.21,http://gams.uni-graz.at/o:glossvibe.bvi#BVi.02cd01.21.13,seniís,senex,ADJ
BVi.02cd01.21,http://gams.uni-graz.at/o:glossvibe.bvi#BVi.02cd01.21.14,horís,hora,NOUN
BVi.02cd01.21,http://gams.uni-graz.at/o:glossvibe.bvi#BVi.02cd01.21.15,ocus,et,CCONJ
BVi.02cd01.21,http://gams.uni-graz.at/o:glossvibe.bvi#BVi.02cd01.21.21,soli,sol,NOUN
BVi.02cd01.21,http://gams.uni-graz.at/o:glossvibe.bvi#BVi.02cd01.21.26,luna,luna,NOUN
BVi.02cd01.21,http://gams.uni-graz.at/o:glossvibe.bvi#BVi.02cd01.21.34,nisi,nisi,CCONJ
BVi.02cd01.21,http://gams.uni-graz.at/o:glossvibe.bvi#BVi.02cd01.21.40,diebus,dies,NOUN
BVi.02cd02.23,http://gams.uni-graz.at/o:glossvibe.bvi#BVi.02cd02.23.0,Luna,luna,NOUN
BVi.02cd02.23,http://gams.uni-graz.at/o:glossvibe.bvi#BVi.02cd02.23.01,tridecima,tredecim,NUM
BVi.02cd02.23,http://gams.uni-graz.at/o:glossvibe.bvi#BVi.02cd02.23.03,reliqua,reliquus,DET
BVi.02cd02.23,http://gams.uni-graz.at/o:glossvibe.bvi#BVi.02cd02.23.10b,hore,hora,NA
BVi.02cd02.23,http://gams.uni-graz.at/o:glossvibe.bvi#BVi.02cd02.23.40,dies,dies,NOUN
BVi.02cd02.23,http://gams.uni-graz.at/o:glossvibe.bvi#BVi.02cd02.23.52,horis,hora,NA
BVi.02cd02.23,http://gams.uni-graz.at/o:glossvibe.bvi#BVi.02cd02.23.53,in,in,ADP
BVi.02cd02.23,http://gams.uni-graz.at/o:glossvibe.bvi#BVi.02cd02.23.54,anno,annus,NOUN
BVi.02cd02.23,http://gams.uni-graz.at/o:glossvibe.bvi#BVi.02cd02.23.55,et,et,CCONJ
BVi.02cd02.23,http://gams.uni-graz.at/o:glossvibe.bvi#BVi.02cd02.23.57,et,et,CCONJ
BVi.02cd02.23,http://gams.uni-graz.at/o:glossvibe.bvi#BVi.02cd02.23.59,horae,hora,NA
BVi.02cd02.23,http://gams.uni-graz.at/o:glossvibe.bvi#BVi.02cd02.23.64,lunae,luna,NOUN
BVi.02cd02.23,http://gams.uni-graz.at/o:glossvibe.bvi#BVi.02cd02.23.65,contra,contra,ADP
BVi.02cd02.23,http://gams.uni-graz.at/o:glossvibe.bvi#BVi.02cd02.23.66,zodiacum,zodiacus,NOUN
BVi.02d01,http://gams.uni-graz.at/o:glossvibe.bvi#BVi.02d01.0,quintas,quinta,NOUN
Ang.54b14e,http://gams.uni-graz.at/o:glossvibe.bvi#Ang.54b14e.0,idest,idest,NA
Ang.54b14e,http://gams.uni-graz.at/o:glossvibe.bvi#Ang.54b14e.1,romulus,romulus,PROPN
BVi.02d11,http://gams.uni-graz.at/o:glossvibe.bvi#BVi.02d11.0,romulus,romulus,PROPN
BVi.02d11,http://gams.uni-graz.at/o:glossvibe.bvi#BVi.02d11.1,in,in,ADP
BVi.02d11,http://gams.uni-graz.at/o:glossvibe.bvi#BVi.02d11.2,regnum,regnum,NOUN
BVi.02d15b,http://gams.uni-graz.at/o:glossvibe.bvi#BVi.02d15b.0,idest,idest,NA
BVi.02d15b,http://gams.uni-graz.at/o:glossvibe.bvi#BVi.02d15b.1,mensibus,mensis,NOUN
Ang.54b17b,http://gams.uni-graz.at/o:glossvibe.bvi#Ang.54b17b.0,abstractos,abstraho,VERB
BCr.29d36c,http://gams.uni-graz.at/o:glossvibe.bvi#BCr.29d36c.0,abstractos,abstraho,VERB
BVi.02d15a,http://gams.uni-graz.at/o:glossvibe.bvi#BVi.02d15a.0,abstractos,abstraho,VERB
BVi.02d16,http://gams.uni-graz.at/o:glossvibe.bvi#BVi.02d16.0,dies,dies,NOUN
BVi.02d22,http://gams.uni-graz.at/o:glossvibe.bvi#BVi.02d22.0,idest,idest,NA
BVi.02d22,http://gams.uni-graz.at/o:glossvibe.bvi#BVi.02d22.1,orco,orco,NOUN
Ang.54b23c,http://gams.uni-graz.at/o:glossvibe.bvi#Ang.54b23c.0,idest,idest,NA
Ang.54b23c,http://gams.uni-graz.at/o:glossvibe.bvi#Ang.54b23c.1,sacrificia,sacrificium,NOUN
BCr.29d48a,http://gams.uni-graz.at/o:glossvibe.bvi#BCr.29d48a.0,idest,idest,NA
BCr.29d48a,http://gams.uni-graz.at/o:glossvibe.bvi#BCr.29d48a.1,sacrificia,sacrificium,NOUN
BVi.02d25,http://gams.uni-graz.at/o:glossvibe.bvi#BVi.02d25.0,sacrificia,sacrificium,NOUN
Sg.66.01,http://gams.uni-graz.at/o:glossvibe.bvi#Sg.66.01.0,idest,idest,NA
Sg.66.01,http://gams.uni-graz.at/o:glossvibe.bvi#Sg.66.01.1,sacrificia,sacrificium,NOUN
BCr.29d50,http://gams.uni-graz.at/o:glossvibe.bvi#BCr.29d50.0,idest,idest,NA
BCr.29d50,http://gams.uni-graz.at/o:glossvibe.bvi#BCr.29d50.02,non,non,NOUN
BCr.29d50,http://gams.uni-graz.at/o:glossvibe.bvi#BCr.29d50.03,februaris,februarius,NOUN
BCr.29d50,http://gams.uni-graz.at/o:glossvibe.bvi#BCr.29d50.04,ιπα,,NA
BCr.29d50,http://gams.uni-graz.at/o:glossvibe.bvi#BCr.29d50.05,παμti,,NA
BCr.29d50,http://gams.uni-graz.at/o:glossvibe.bvi#BCr.29d50.06,graece,graece,ADV
BCr.29d50,http://gams.uni-graz.at/o:glossvibe.bvi#BCr.29d50.07,hic,hic,DET
BCr.29d50,http://gams.uni-graz.at/o:glossvibe.bvi#BCr.29d50.08,?,,NA
BCr.29d50,http://gams.uni-graz.at/o:glossvibe.bvi#BCr.29d50.09,est,sum,VERB
BCr.29d50,http://gams.uni-graz.at/o:glossvibe.bvi#BCr.29d50.10,obi,obeo,VERB
BCr.29d50,http://gams.uni-graz.at/o:glossvibe.bvi#BCr.29d50.11,ad,ad,ADP
BCr.29d50,http://gams.uni-graz.at/o:glossvibe.bvi#BCr.29d50.12,eo,is,PRON
BCr.29d50,http://gams.uni-graz.at/o:glossvibe.bvi#BCr.29d50.13,die,dies,NOUN
BCr.29d50,http://gams.uni-graz.at/o:glossvibe.bvi#BCr.29d50.14,assumpsit,assumo,VERB
BCr.29d50,http://gams.uni-graz.at/o:glossvibe.bvi#BCr.29d50.15,se,se,PRON
BCr.29d50,http://gams.uni-graz.at/o:glossvibe.bvi#BCr.29d50.16,meo,meus,DET
BCr.29d50,http://gams.uni-graz.at/o:glossvibe.bvi#BCr.29d50.17,christum,christus,PROPN
BCr.29d50,http://gams.uni-graz.at/o:glossvibe.bvi#BCr.29d50.18,in,in,ADP
BCr.29d50,http://gams.uni-graz.at/o:glossvibe.bvi#BCr.29d50.19,templo,templum,NOUN
BVi.02d27.29,http://gams.uni-graz.at/o:glossvibe.bvi#BVi.02d27.29.3,in,in,ADP
BVi.02d27.29,http://gams.uni-graz.at/o:glossvibe.bvi#BVi.02d27.29.4,templo,templum,NOUN
Ang.54b27b,http://gams.uni-graz.at/o:glossvibe.bvi#Ang.54b27b.0,candelas,candela,NOUN
BVi.02d30,http://gams.uni-graz.at/o:glossvibe.bvi#BVi.02d30.0,idest,idest,NA
BVi.02d30,http://gams.uni-graz.at/o:glossvibe.bvi#BVi.02d30.1,lucernas,lucerna,NOUN
BVi.02d31,http://gams.uni-graz.at/o:glossvibe.bvi#BVi.02d31.0,in,in,ADP
BVi.02d31,http://gams.uni-graz.at/o:glossvibe.bvi#BVi.02d31.1,ceteris,ceterus,DET
Ang.54b34c,http://gams.uni-graz.at/o:glossvibe.bvi#Ang.54b34c.0,idest,idest,NA
Ang.54b34c,http://gams.uni-graz.at/o:glossvibe.bvi#Ang.54b34c.2,et,et,CCONJ
BVi.03a04,http://gams.uni-graz.at/o:glossvibe.bvi#BVi.03a04.0,circulum,circulus,NOUN
BVi.03a05,http://gams.uni-graz.at/o:glossvibe.bvi#BVi.03a05.0,dies,dies,NOUN
Ang.54abis06c,http://gams.uni-graz.at/o:glossvibe.bvi#Ang.54abis06c.0,idest,idest,NA
Ang.54abis06c,http://gams.uni-graz.at/o:glossvibe.bvi#Ang.54abis06c.1,fefellit,fallo,VERB
Ang.54abis06c,http://gams.uni-graz.at/o:glossvibe.bvi#Ang.54abis06c.2,ordo,ordo,NOUN
Ang.54abis06c,http://gams.uni-graz.at/o:glossvibe.bvi#Ang.54abis06c.3,grecorum,graecus,NOUN
Ang.54abis06c,http://gams.uni-graz.at/o:glossvibe.bvi#Ang.54abis06c.4,romannorum,romanus,NOUN
BCr.30a24a,http://gams.uni-graz.at/o:glossvibe.bvi#BCr.30a24a.0,idest,idest,NA
BCr.30a24a,http://gams.uni-graz.at/o:glossvibe.bvi#BCr.30a24a.1,fefellit,fallo,VERB
BVi.03a09a,http://gams.uni-graz.at/o:glossvibe.bvi#BVi.03a09a.0,fefellit,fallo,VERB
Sg.66.22a,http://gams.uni-graz.at/o:glossvibe.bvi#Sg.66.22a.0,idest,idest,NA
Sg.66.22a,http://gams.uni-graz.at/o:glossvibe.bvi#Sg.66.22a.1,fefellit,fallo,VERB
BVi.03a09b,http://gams.uni-graz.at/o:glossvibe.bvi#BVi.03a09b.0,idest,idest,NA
BVi.03a09b,http://gams.uni-graz.at/o:glossvibe.bvi#BVi.03a09b.1,anni,annus,NOUN
Ang.54abis07a,http://gams.uni-graz.at/o:glossvibe.bvi#Ang.54abis07a.0,idest,idest,NA
BVi.03a10c,http://gams.uni-graz.at/o:glossvibe.bvi#BVi.03a10c.1,ad,ad,ADP
BVi.03a10c,http://gams.uni-graz.at/o:glossvibe.bvi#BVi.03a10c.2,grecum,graecus,NOUN
BVi.03a10c,http://gams.uni-graz.at/o:glossvibe.bvi#BVi.03a10c.3,numerum,numerus,NOUN
Ang.54abis22a,http://gams.uni-graz.at/o:glossvibe.bvi#Ang.54abis22a.0,festis,festis,NOUN
Ang.54abis22a,http://gams.uni-graz.at/o:glossvibe.bvi#Ang.54abis22a.1,termini,terminus,PROPN
BCr.30a50,http://gams.uni-graz.at/o:glossvibe.bvi#BCr.30a50.0,idest,idest,NA
BCr.30a50,http://gams.uni-graz.at/o:glossvibe.bvi#BCr.30a50.1,feris,feria,NOUN
BCr.30a50,http://gams.uni-graz.at/o:glossvibe.bvi#BCr.30a50.2,termini,terminus,PROPN
BCr.30a50,http://gams.uni-graz.at/o:glossvibe.bvi#BCr.30a50.3,hic,hic,DET
BCr.30a50,http://gams.uni-graz.at/o:glossvibe.bvi#BCr.30a50.4a,est,sum,VERB
BCr.30a50,http://gams.uni-graz.at/o:glossvibe.bvi#BCr.30a50.4b,plutonis,plutor,NOUN
BVi.03a29.32,http://gams.uni-graz.at/o:glossvibe.bvi#BVi.03a29.32.1,idest,idest,NA
BVi.03a29.32,http://gams.uni-graz.at/o:glossvibe.bvi#BVi.03a29.32.2,termini,terminus,PROPN
Sg.67.08a,http://gams.uni-graz.at/o:glossvibe.bvi#Sg.67.08a.0,idest,idest,NA
Sg.67.08a,http://gams.uni-graz.at/o:glossvibe.bvi#Sg.67.08a.1,feriae,feria,NOUN
Sg.67.08a,http://gams.uni-graz.at/o:glossvibe.bvi#Sg.67.08a.2,terminalis,terminalis,ADJ
BVi.03a44a,http://gams.uni-graz.at/o:glossvibe.bvi#BVi.03a44a.01,horae,hora,NA
BVi.03a44a,http://gams.uni-graz.at/o:glossvibe.bvi#BVi.03a44a.04,idest,idest,NA
BVi.03a44a,http://gams.uni-graz.at/o:glossvibe.bvi#BVi.03a44a.06,horae,hora,NOUN
BVi.03a44a,http://gams.uni-graz.at/o:glossvibe.bvi#BVi.03a44a.08,ad,ad,ADP
BVi.03a44b,http://gams.uni-graz.at/o:glossvibe.bvi#BVi.03a44b.0,idest,idest,NA
BVi.03a44b,http://gams.uni-graz.at/o:glossvibe.bvi#BVi.03a44b.1,horae,hora,NA
Ang.54bbis09b,http://gams.uni-graz.at/o:glossvibe.bvi#Ang.54bbis09b.0,exemplum,exemplum,NOUN
BCr.30b29,http://gams.uni-graz.at/o:glossvibe.bvi#BCr.30b29.0,idest,idest,NA
BCr.30b29,http://gams.uni-graz.at/o:glossvibe.bvi#BCr.30b29.1,exemplum,exemplum,NOUN
BVi.03b15,http://gams.uni-graz.at/o:glossvibe.bvi#BVi.03b15.0,exemplum,exemplum,NOUN
Sg.67.30,http://gams.uni-graz.at/o:glossvibe.bvi#Sg.67.30.0,idest,idest,NA
Sg.67.30,http://gams.uni-graz.at/o:glossvibe.bvi#Sg.67.30.1,exemplum,exemplum,NOUN
BCr.30b03,http://gams.uni-graz.at/o:glossvibe.bvi#BCr.30b03.0,idest,idest,NA
BCr.30b03,http://gams.uni-graz.at/o:glossvibe.bvi#BCr.30b03.1,templum,templum,NOUN
BCr.30b03,http://gams.uni-graz.at/o:glossvibe.bvi#BCr.30b03.2,iouis,iouis,PROPN
BCr.30b03,http://gams.uni-graz.at/o:glossvibe.bvi#BCr.30b03.3,in,in,ADP
BCr.30b03,http://gams.uni-graz.at/o:glossvibe.bvi#BCr.30b03.4,quo,qui,PRON
BCr.30b03,http://gams.uni-graz.at/o:glossvibe.bvi#BCr.30b03.5,capita,capitum,NOUN
BCr.30b03,http://gams.uni-graz.at/o:glossvibe.bvi#BCr.30b03.6,deorum,deus,PROPN
BCr.30b03,http://gams.uni-graz.at/o:glossvibe.bvi#BCr.30b03.7,incaelatura,incaelatus,ADJ
BCr.30b03,http://gams.uni-graz.at/o:glossvibe.bvi#BCr.30b03.8,fiebant,facio,VERB
BVi.03a38,http://gams.uni-graz.at/o:glossvibe.bvi#BVi.03a38.0,idest,idest,NA
BVi.03a38,http://gams.uni-graz.at/o:glossvibe.bvi#BVi.03a38.1,templum,templum,NOUN
BVi.03a38,http://gams.uni-graz.at/o:glossvibe.bvi#BVi.03a38.2,idoli,idolum,NOUN
Sg.67.15,http://gams.uni-graz.at/o:glossvibe.bvi#Sg.67.15.0,templum,templum,NOUN
Sg.67.15,http://gams.uni-graz.at/o:glossvibe.bvi#Sg.67.15.1,iouis,iouis,PROPN
Sg.67.15,http://gams.uni-graz.at/o:glossvibe.bvi#Sg.67.15.2,in,in,ADP
Sg.67.15,http://gams.uni-graz.at/o:glossvibe.bvi#Sg.67.15.3,quo,qui,PRON
Sg.67.15,http://gams.uni-graz.at/o:glossvibe.bvi#Sg.67.15.4,capita,capitum,NOUN
Sg.67.15,http://gams.uni-graz.at/o:glossvibe.bvi#Sg.67.15.5,deorum,deus,PROPN
Sg.67.15,http://gams.uni-graz.at/o:glossvibe.bvi#Sg.67.15.6,incelatura,incaelatus,ADJ
Sg.67.15,http://gams.uni-graz.at/o:glossvibe.bvi#Sg.67.15.7,fiebant,facio,VERB
Ang.54abis27a,http://gams.uni-graz.at/o:glossvibe.bvi#Ang.54abis27a.0,idest,idest,NA
Ang.54abis27a,http://gams.uni-graz.at/o:glossvibe.bvi#Ang.54abis27a.1,maiori,magnus,ADJ
Ang.54abis27a,http://gams.uni-graz.at/o:glossvibe.bvi#Ang.54abis27a.2,pontifici,pontifex,NOUN
BCr.30b01,http://gams.uni-graz.at/o:glossvibe.bvi#BCr.30b01.0,idest,idest,NA
BCr.30b01,http://gams.uni-graz.at/o:glossvibe.bvi#BCr.30b01.01,regi,rex,NOUN
BCr.30b01,http://gams.uni-graz.at/o:glossvibe.bvi#BCr.30b01.02,colenti,colo,VERB
BCr.30b01,http://gams.uni-graz.at/o:glossvibe.bvi#BCr.30b01.03,sacrificia,sacrificium,NOUN
BCr.30b01,http://gams.uni-graz.at/o:glossvibe.bvi#BCr.30b01.04,hoc,hic,DET
BCr.30b01,http://gams.uni-graz.at/o:glossvibe.bvi#BCr.30b01.05,est,sum,VERB
BCr.30b01,http://gams.uni-graz.at/o:glossvibe.bvi#BCr.30b01.06,regi,rex,NOUN
BCr.30b01,http://gams.uni-graz.at/o:glossvibe.bvi#BCr.30b01.07,qui,qui,PRON
BCr.30b01,http://gams.uni-graz.at/o:glossvibe.bvi#BCr.30b01.08,sacrificiis,sacrificium,NOUN
BCr.30b01,http://gams.uni-graz.at/o:glossvibe.bvi#BCr.30b01.09,perfiebat,,NA
BCr.30b01,http://gams.uni-graz.at/o:glossvibe.bvi#BCr.30b01.10,uel,uel,CCONJ
BCr.30b01,http://gams.uni-graz.at/o:glossvibe.bvi#BCr.30b01.11,pontifici,pontifex,NOUN
BCr.30b01,http://gams.uni-graz.at/o:glossvibe.bvi#BCr.30b01.12,maiori,magnus,ADJ
Sg.67.13b,http://gams.uni-graz.at/o:glossvibe.bvi#Sg.67.13b.0,idest,idest,NA
Sg.67.13b,http://gams.uni-graz.at/o:glossvibe.bvi#Sg.67.13b.1,regi,rex,NOUN
Sg.67.13b,http://gams.uni-graz.at/o:glossvibe.bvi#Sg.67.13b.2,colenti,colo,VERB
Sg.67.13b,http://gams.uni-graz.at/o:glossvibe.bvi#Sg.67.13b.3,sacrificia,sacrificium,NOUN
Sg.67.13b,http://gams.uni-graz.at/o:glossvibe.bvi#Sg.67.13b.4a,hoc,hic,DET
Sg.67.13b,http://gams.uni-graz.at/o:glossvibe.bvi#Sg.67.13b.4b,em,,NA
Sg.67.13b,http://gams.uni-graz.at/o:glossvibe.bvi#Sg.67.13b.5,qui,qui,PRON
Sg.67.13b,http://gams.uni-graz.at/o:glossvibe.bvi#Sg.67.13b.6,sacrifitas,sacrificus,NOUN
Sg.67.13b,http://gams.uni-graz.at/o:glossvibe.bvi#Sg.67.13b.7,prefiebat,,NA
Sg.67.13b,http://gams.uni-graz.at/o:glossvibe.bvi#Sg.67.13b.8,uel,uel,CCONJ
Sg.67.13b,http://gams.uni-graz.at/o:glossvibe.bvi#Sg.67.13b.9a,pontifici,pontifex,NOUN
Sg.67.13b,http://gams.uni-graz.at/o:glossvibe.bvi#Sg.67.13b.9b,maiori,magnus,ADJ
Ang.54abis29a,http://gams.uni-graz.at/o:glossvibe.bvi#Ang.54abis29a.0,quia,quia,SCONJ
Ang.54abis29a,http://gams.uni-graz.at/o:glossvibe.bvi#Ang.54abis29a.1,in,in,ADP
Ang.54abis29a,http://gams.uni-graz.at/o:glossvibe.bvi#Ang.54abis29a.2,ea,is,PRON
Ang.54abis29a,http://gams.uni-graz.at/o:glossvibe.bvi#Ang.54abis29a.3,uocabatur,uoco,VERB
Ang.54abis29a,http://gams.uni-graz.at/o:glossvibe.bvi#Ang.54abis29a.4,plebs,plebs,NOUN
BVi.03a39,http://gams.uni-graz.at/o:glossvibe.bvi#BVi.03a39.0,idest,idest,NA
BVi.03a39,http://gams.uni-graz.at/o:glossvibe.bvi#BVi.03a39.1,plebum,plebs,NOUN
BVi.03a39,http://gams.uni-graz.at/o:glossvibe.bvi#BVi.03a39.2,loci,locus,NOUN
Ang.54bbis17c,http://gams.uni-graz.at/o:glossvibe.bvi#Ang.54bbis17c.0,reuententis,reuertor,VERB
Ang.54bbis17c,http://gams.uni-graz.at/o:glossvibe.bvi#Ang.54bbis17c.1,in,in,ADP
Ang.54bbis17c,http://gams.uni-graz.at/o:glossvibe.bvi#Ang.54bbis17c.2,suum,suus,DET
Ang.54bbis17c,http://gams.uni-graz.at/o:glossvibe.bvi#Ang.54bbis17c.3,locum,locus,NOUN
Ang.54bbis17c,http://gams.uni-graz.at/o:glossvibe.bvi#Ang.54bbis17c.4,primum,primus 1,ADJ
BVi.03b27,http://gams.uni-graz.at/o:glossvibe.bvi#BVi.03b27.0,reuertentis,reuertor,VERB
BVi.03b27,http://gams.uni-graz.at/o:glossvibe.bvi#BVi.03b27.1,in,in,ADP
BVi.03b27,http://gams.uni-graz.at/o:glossvibe.bvi#BVi.03b27.2,suum,suus,DET
BVi.03b27,http://gams.uni-graz.at/o:glossvibe.bvi#BVi.03b27.3,locum,locus,NOUN
Ang.54bbis20b,http://gams.uni-graz.at/o:glossvibe.bvi#Ang.54bbis20b.0,primus,primus 1,ADJ
Ang.54bbis20b,http://gams.uni-graz.at/o:glossvibe.bvi#Ang.54bbis20b.1,dies,dies,NOUN
Ang.54bbis20b,http://gams.uni-graz.at/o:glossvibe.bvi#Ang.54bbis20b.2,primi,primus 1,ADJ
Ang.54bbis20b,http://gams.uni-graz.at/o:glossvibe.bvi#Ang.54bbis20b.3,mensis,mensis,NOUN
Ang.54bbis20b,http://gams.uni-graz.at/o:glossvibe.bvi#Ang.54bbis20b.4,et,et,CCONJ
Ang.54bbis20b,http://gams.uni-graz.at/o:glossvibe.bvi#Ang.54bbis20b.5,secundus,secundus,ADJ
Ang.54bbis20b,http://gams.uni-graz.at/o:glossvibe.bvi#Ang.54bbis20b.6,reliqua,reliquus,DET
BCr.30b36,http://gams.uni-graz.at/o:glossvibe.bvi#BCr.30b36.0,idest,idest,NA
BCr.30b36,http://gams.uni-graz.at/o:glossvibe.bvi#BCr.30b36.01,sic,sic,ADV
BCr.30b36,http://gams.uni-graz.at/o:glossvibe.bvi#BCr.30b36.02,numerant,numero,VERB
BCr.30b36,http://gams.uni-graz.at/o:glossvibe.bvi#BCr.30b36.03,primus,primus 1,ADJ
BCr.30b36,http://gams.uni-graz.at/o:glossvibe.bvi#BCr.30b36.04,dies,dies,NOUN
BCr.30b36,http://gams.uni-graz.at/o:glossvibe.bvi#BCr.30b36.05,primi,primus 1,ADJ
BCr.30b36,http://gams.uni-graz.at/o:glossvibe.bvi#BCr.30b36.06,mensis,mensis,NOUN
BCr.30b36,http://gams.uni-graz.at/o:glossvibe.bvi#BCr.30b36.07,secundus,secundus,ADJ
BCr.30b36,http://gams.uni-graz.at/o:glossvibe.bvi#BCr.30b36.08,dies,dies,NOUN
BCr.30b36,http://gams.uni-graz.at/o:glossvibe.bvi#BCr.30b36.09,secundi,secundus,ADJ
BCr.30b36,http://gams.uni-graz.at/o:glossvibe.bvi#BCr.30b36.10,mensis,mensis,NOUN
BCr.30b36,http://gams.uni-graz.at/o:glossvibe.bvi#BCr.30b36.11,reliqua,reliquus,DET
BVi.03b31,http://gams.uni-graz.at/o:glossvibe.bvi#BVi.03b31.0,idest,idest,NA
BVi.03b31,http://gams.uni-graz.at/o:glossvibe.bvi#BVi.03b31.1,primus,primus 1,ADJ
BVi.03b31,http://gams.uni-graz.at/o:glossvibe.bvi#BVi.03b31.2,dies,dies,NOUN
BVi.03b31,http://gams.uni-graz.at/o:glossvibe.bvi#BVi.03b31.3,primi,primus 1,ADJ
BVi.03b31,http://gams.uni-graz.at/o:glossvibe.bvi#BVi.03b31.4,secundus,secundus,ADJ
BVi.03b31,http://gams.uni-graz.at/o:glossvibe.bvi#BVi.03b31.5,dies,dies,NOUN
BVi.03b31,http://gams.uni-graz.at/o:glossvibe.bvi#BVi.03b31.6,secundi,secundus,ADJ
Sg.68.06a,http://gams.uni-graz.at/o:glossvibe.bvi#Sg.68.06a.0,sic,sic,ADV
Sg.68.06a,http://gams.uni-graz.at/o:glossvibe.bvi#Sg.68.06a.1,numerant,numero,VERB
Sg.68.06a,http://gams.uni-graz.at/o:glossvibe.bvi#Sg.68.06a.2,primus,primus 1,ADJ
Sg.68.06a,http://gams.uni-graz.at/o:glossvibe.bvi#Sg.68.06a.3,dies,dies,NOUN
Sg.68.06a,http://gams.uni-graz.at/o:glossvibe.bvi#Sg.68.06a.4,primi,primus 1,ADJ
Sg.68.06a,http://gams.uni-graz.at/o:glossvibe.bvi#Sg.68.06a.5,mensis,mensis,NOUN
Sg.68.06a,http://gams.uni-graz.at/o:glossvibe.bvi#Sg.68.06a.6,secundi,secundus,ADJ
Sg.68.06a,http://gams.uni-graz.at/o:glossvibe.bvi#Sg.68.06a.7,dies,dies,NOUN
Sg.68.06a,http://gams.uni-graz.at/o:glossvibe.bvi#Sg.68.06a.8,secundi,secundus,ADJ
Sg.68.06a,http://gams.uni-graz.at/o:glossvibe.bvi#Sg.68.06a.9,mensis,mensis,NOUN
BVi.03b23,http://gams.uni-graz.at/o:glossvibe.bvi#BVi.03b23.0,primus,primus 1,ADJ
BVi.03b23,http://gams.uni-graz.at/o:glossvibe.bvi#BVi.03b23.1,dies,dies,NOUN
BVi.03b23,http://gams.uni-graz.at/o:glossvibe.bvi#BVi.03b23.2,primi,primus 1,ADJ
BVi.03b23,http://gams.uni-graz.at/o:glossvibe.bvi#BVi.03b23.4,mensis,mensis,NOUN
BVi.03b35a,http://gams.uni-graz.at/o:glossvibe.bvi#BVi.03b35a.1,sed,sed,CCONJ
BCr.30c01,http://gams.uni-graz.at/o:glossvibe.bvi#BCr.30c01.0,apostolorum,apostolus,NOUN
BVi.03b37b,http://gams.uni-graz.at/o:glossvibe.bvi#BVi.03b37b.0,epistula,epistula,NOUN
BVi.03b37b,http://gams.uni-graz.at/o:glossvibe.bvi#BVi.03b37b.1,apostolorum,apostolus,NOUN
Ang.54bbis28c,http://gams.uni-graz.at/o:glossvibe.bvi#Ang.54bbis28c.0,die,dies,NOUN
BVi.03b39a,http://gams.uni-graz.at/o:glossvibe.bvi#BVi.03b39a.0,idest,idest,NA
BVi.03b39a,http://gams.uni-graz.at/o:glossvibe.bvi#BVi.03b39a.1,die,dies,NOUN
Ang.54bbis31b,http://gams.uni-graz.at/o:glossvibe.bvi#Ang.54bbis31b.0,idest,idest,NA
Ang.54bbis31b,http://gams.uni-graz.at/o:glossvibe.bvi#Ang.54bbis31b.1,adiuuatur,adiuuo,VERB
BCr.30c07,http://gams.uni-graz.at/o:glossvibe.bvi#BCr.30c07.0,adiunguitur,adiungo,VERB
BVi.03b43a,http://gams.uni-graz.at/o:glossvibe.bvi#BVi.03b43a.0,adiuuatur,adiuuo,VERB
Sg.68.22,http://gams.uni-graz.at/o:glossvibe.bvi#Sg.68.22.0,idest,idest,NA
Sg.68.22,http://gams.uni-graz.at/o:glossvibe.bvi#Sg.68.22.1,adiuuat,adiuuo,VERB
BVi.03b43b,http://gams.uni-graz.at/o:glossvibe.bvi#BVi.03b43b.0,idest,idest,NA
BVi.03b43b,http://gams.uni-graz.at/o:glossvibe.bvi#BVi.03b43b.1,est,sum,VERB
Ang.54bbis37a,http://gams.uni-graz.at/o:glossvibe.bvi#Ang.54bbis37a.0,idest,idest,NA
Ang.54bbis37a,http://gams.uni-graz.at/o:glossvibe.bvi#Ang.54bbis37a.1,distios,distios,PROPN
Ang.54bbis37a,http://gams.uni-graz.at/o:glossvibe.bvi#Ang.54bbis37a.2,et,et,CCONJ
Ang.54bbis37a,http://gams.uni-graz.at/o:glossvibe.bvi#Ang.54bbis37a.3,martiis,martius,PROPN
BVi.03c05,http://gams.uni-graz.at/o:glossvibe.bvi#BVi.03c05.0,distios,distios,PROPN
BVi.03c05,http://gams.uni-graz.at/o:glossvibe.bvi#BVi.03c05.1,et,et,CCONJ
BVi.03c05,http://gams.uni-graz.at/o:glossvibe.bvi#BVi.03c05.2,martius,martius,PROPN
BVi.03c31.38,http://gams.uni-graz.at/o:glossvibe.bvi#BVi.03c31.38.08,et,et,CCONJ
BVi.03c31.38,http://gams.uni-graz.at/o:glossvibe.bvi#BVi.03c31.38.09,iunius,iunius,NOUN
BVi.03c31.38,http://gams.uni-graz.at/o:glossvibe.bvi#BVi.03c31.38.10,et,et,CCONJ
BVi.03c31.38,http://gams.uni-graz.at/o:glossvibe.bvi#BVi.03c31.38.11,iulius,iulius,NOUN
BVi.03d18a,http://gams.uni-graz.at/o:glossvibe.bvi#BVi.03d18a.0,agimus,ago,VERB
Ang.55b06b,http://gams.uni-graz.at/o:glossvibe.bvi#Ang.55b06b.0,ago,ago,VERB
BVi.03d18b,http://gams.uni-graz.at/o:glossvibe.bvi#BVi.03d18b.0,ago,ago,VERB
Ang.55b21b,http://gams.uni-graz.at/o:glossvibe.bvi#Ang.55b21b.0,idest,idest,NA
Ang.55b21b,http://gams.uni-graz.at/o:glossvibe.bvi#Ang.55b21b.1,sagitarius,sagittarius,NOUN
BCr.30d51,http://gams.uni-graz.at/o:glossvibe.bvi#BCr.30d51.0,sagitarius,sagittarius,NOUN
BVi.03d34,http://gams.uni-graz.at/o:glossvibe.bvi#BVi.03d34.0,sagittarius,sagittarius,NOUN
BVi.04a10,http://gams.uni-graz.at/o:glossvibe.bvi#BVi.04a10.0,·l·,(Roman numerals),NUM
BVi.04a10,http://gams.uni-graz.at/o:glossvibe.bvi#BVi.04a10.1,satius,satius,NOUN
BVi.04a05.40,http://gams.uni-graz.at/o:glossvibe.bvi#BVi.04a05.40.12,in,i,ADP
BVi.04a05.40,http://gams.uni-graz.at/o:glossvibe.bvi#BVi.04a05.40.13,tris,tres 2,ADJ
BVi.04a05.40,http://gams.uni-graz.at/o:glossvibe.bvi#BVi.04a05.40.17,kalenda,kalenda,NOUN
BVi.04a05.40,http://gams.uni-graz.at/o:glossvibe.bvi#BVi.04a05.40.22,ordo,ordo,NOUN
Ang.57b16e,http://gams.uni-graz.at/o:glossvibe.bvi#Ang.57b16e.2,cum,cum,ADP
Ang.57b16e,http://gams.uni-graz.at/o:glossvibe.bvi#Ang.57b16e.3,unam,unus,NUM
Ang.57b16e,http://gams.uni-graz.at/o:glossvibe.bvi#Ang.57b16e.4,literam,litera,NOUN
Ang.58a11b,http://gams.uni-graz.at/o:glossvibe.bvi#Ang.58a11b.0,super,super,ADP
Ang.57b26d,http://gams.uni-graz.at/o:glossvibe.bvi#Ang.57b26d.0,in,in,ADP
Ang.57b26d,http://gams.uni-graz.at/o:glossvibe.bvi#Ang.57b26d.1,quo,qui,PRON
Ang.57b26d,http://gams.uni-graz.at/o:glossvibe.bvi#Ang.57b26d.2,es,sum,VERB
BCr.32a54,http://gams.uni-graz.at/o:glossvibe.bvi#BCr.32a54.0,idest,idest,NA
BCr.32a54,http://gams.uni-graz.at/o:glossvibe.bvi#BCr.32a54.2,kalendis,kalenda,NOUN
BCr.32a54,http://gams.uni-graz.at/o:glossvibe.bvi#BCr.32a54.3,aprilis,aprilis,ADJ
BVi.04b08.49,http://gams.uni-graz.at/o:glossvibe.bvi#BVi.04b08.49.03,idest,idest,NA
BVi.04b08.49,http://gams.uni-graz.at/o:glossvibe.bvi#BVi.04b08.49.05,kalendae,kalenda,NOUN
BVi.04b08.49,http://gams.uni-graz.at/o:glossvibe.bvi#BVi.04b08.49.06,aprilis,,NA
BVi.04b08.49,http://gams.uni-graz.at/o:glossvibe.bvi#BVi.04b08.49.07,idest,idest,NA
BVi.04b08.49,http://gams.uni-graz.at/o:glossvibe.bvi#BVi.04b08.49.08,anni,annus,NOUN
Ang.58a13b,http://gams.uni-graz.at/o:glossvibe.bvi#Ang.58a13b.0,s.,idest,NA
Ang.58a13b,http://gams.uni-graz.at/o:glossvibe.bvi#Ang.58a13b.1,contra,contra,ADP
Ang.58a13b,http://gams.uni-graz.at/o:glossvibe.bvi#Ang.58a13b.2,dixerit,dico,VERB
BCr.32a36b,http://gams.uni-graz.at/o:glossvibe.bvi#BCr.32a36b.0,idest,idest,NA
BCr.32a36b,http://gams.uni-graz.at/o:glossvibe.bvi#BCr.32a36b.1,crementum,crementus,NOUN
BVi.04a40.47,http://gams.uni-graz.at/o:glossvibe.bvi#BVi.04a40.47.0,crementus,crementus,NOUN
Ang.58a15a,http://gams.uni-graz.at/o:glossvibe.bvi#Ang.58a15a.0,regularis,regularis,ADJ
Ang.58a15a,http://gams.uni-graz.at/o:glossvibe.bvi#Ang.58a15a.1,paginae,pagina,NOUN
BCr.32b07,http://gams.uni-graz.at/o:glossvibe.bvi#BCr.32b07.0,idest,idest,NA
BCr.32b07,http://gams.uni-graz.at/o:glossvibe.bvi#BCr.32b07.1,paginae,pagina,NOUN
BCr.32b07,http://gams.uni-graz.at/o:glossvibe.bvi#BCr.32b07.2,regularis,regularis,ADJ
BVi.04b16.53,http://gams.uni-graz.at/o:glossvibe.bvi#BVi.04b16.53.0,pagine,pagina,NOUN
BVi.04b16.53,http://gams.uni-graz.at/o:glossvibe.bvi#BVi.04b16.53.1,regularis,regularis,ADJ
Sg.77.06,http://gams.uni-graz.at/o:glossvibe.bvi#Sg.77.06.0,idest,idest,NA
Sg.77.06,http://gams.uni-graz.at/o:glossvibe.bvi#Sg.77.06.1,paginae,pagina,NOUN
Sg.77.06,http://gams.uni-graz.at/o:glossvibe.bvi#Sg.77.06.2,regularis,regularis,ADJ
Ang.58a22a,http://gams.uni-graz.at/o:glossvibe.bvi#Ang.58a22a.0,quia,quia,SCONJ
Ang.58a22a,http://gams.uni-graz.at/o:glossvibe.bvi#Ang.58a22a.1,non,imperium,NOUN
Ang.58a22a,http://gams.uni-graz.at/o:glossvibe.bvi#Ang.58a22a.2,explorat,exploro,VERB
Ang.58a22a,http://gams.uni-graz.at/o:glossvibe.bvi#Ang.58a22a.3,argumentum,argumentum,NOUN
Ang.58a22a,http://gams.uni-graz.at/o:glossvibe.bvi#Ang.58a22a.4,nisi,nisi,CCONJ
Ang.58a22a,http://gams.uni-graz.at/o:glossvibe.bvi#Ang.58a22a.5,annum,annus,NOUN
Ang.58a22a,http://gams.uni-graz.at/o:glossvibe.bvi#Ang.58a22a.6,saluum,saluus,NOUN
Ang.58a23e,http://gams.uni-graz.at/o:glossvibe.bvi#Ang.58a23e.0,in,in,ADP
Ang.58a23e,http://gams.uni-graz.at/o:glossvibe.bvi#Ang.58a23e.1,fine,finis,NOUN
Ang.58a23e,http://gams.uni-graz.at/o:glossvibe.bvi#Ang.58a23e.2,ogdad,,NA
BVi.04b25a,http://gams.uni-graz.at/o:glossvibe.bvi#BVi.04b25a.0,finis,finis,NOUN
BVi.04b25a,http://gams.uni-graz.at/o:glossvibe.bvi#BVi.04b25a.1,ogdad,,NA
BVi.04b25b,http://gams.uni-graz.at/o:glossvibe.bvi#BVi.04b25b.0,argument,,NA
Ang.58a32,http://gams.uni-graz.at/o:glossvibe.bvi#Ang.58a32.0,finis,finis,NOUN
Ang.58a32,http://gams.uni-graz.at/o:glossvibe.bvi#Ang.58a32.1,circuli,circulus,NOUN
Ang.58a32,http://gams.uni-graz.at/o:glossvibe.bvi#Ang.58a32.2,est,sum,VERB
Ang.58a37h,http://gams.uni-graz.at/o:glossvibe.bvi#Ang.58a37h.0,egiptii,aegyptius,ADJ
Ang.58a37h,http://gams.uni-graz.at/o:glossvibe.bvi#Ang.58a37h.1,in,in,ADP
Ang.58a37h,http://gams.uni-graz.at/o:glossvibe.bvi#Ang.58a37h.3,kalendis,kalenda,NOUN
Ang.58a37h,http://gams.uni-graz.at/o:glossvibe.bvi#Ang.58a37h.4,augustarum,augustus 1,ADJ
BCr.32b44,http://gams.uni-graz.at/o:glossvibe.bvi#BCr.32b44.3,kalendis,kalenda,NOUN
BCr.32b44,http://gams.uni-graz.at/o:glossvibe.bvi#BCr.32b44.4,septembris,September,NOUN
BVi.04b45.58,http://gams.uni-graz.at/o:glossvibe.bvi#BVi.04b45.58.1,idest,idest,NA
BVi.04b45.58,http://gams.uni-graz.at/o:glossvibe.bvi#BVi.04b45.58.3,kalendae,kalenda,NOUN
BCr.32c16,http://gams.uni-graz.at/o:glossvibe.bvi#BCr.32c16.0,idest,idest,NA
BCr.32c16,http://gams.uni-graz.at/o:glossvibe.bvi#BCr.32c16.1,supradicto,supradico,VERB
BVi.04c21a,http://gams.uni-graz.at/o:glossvibe.bvi#BVi.04c21a.0,supradicto,supradico,VERB
BCr.32c15b,http://gams.uni-graz.at/o:glossvibe.bvi#BCr.32c15b.07,kalendis,kalenda,NOUN
BVi.04c21b.64,http://gams.uni-graz.at/o:glossvibe.bvi#BVi.04c21b.64.06,kalendae,kalenda,NOUN
BCr.32c20b,http://gams.uni-graz.at/o:glossvibe.bvi#BCr.32c20b.0,supradicto,supradico,VERB
BVi.04c23b,http://gams.uni-graz.at/o:glossvibe.bvi#BVi.04c23b.0,idest,idest,NA
BVi.04c23b,http://gams.uni-graz.at/o:glossvibe.bvi#BVi.04c23b.1,supradicto,supradico,VERB
Ang.58b15b,http://gams.uni-graz.at/o:glossvibe.bvi#Ang.58b15b.0,idest,idest,NA
Ang.58b15b,http://gams.uni-graz.at/o:glossvibe.bvi#Ang.58b15b.1,praesenti,praesens,ADJ
Ang.58b15b,http://gams.uni-graz.at/o:glossvibe.bvi#Ang.58b15b.2,argumento,argumentum,NOUN
BCr.32c21,http://gams.uni-graz.at/o:glossvibe.bvi#BCr.32c21.0,argumentum,argumentum,NOUN
BVi.04c24a,http://gams.uni-graz.at/o:glossvibe.bvi#BVi.04c24a.0,argumento,argumentum,NOUN
Ang.58b06c,http://gams.uni-graz.at/o:glossvibe.bvi#Ang.58b06c.0,egiptiorum,aegyptius,ADJ
BVi.04c10.60,http://gams.uni-graz.at/o:glossvibe.bvi#BVi.04c10.60.0,aetas,aetas,NOUN
BVi.04c10.60,http://gams.uni-graz.at/o:glossvibe.bvi#BVi.04c10.60.1,lunae,luna,NOUN
BVi.04c10.60,http://gams.uni-graz.at/o:glossvibe.bvi#BVi.04c10.60.3,kalendis,kalenda,NOUN
BVi.04c24b.67,http://gams.uni-graz.at/o:glossvibe.bvi#BVi.04c24b.67.3,kalendae,kalenda,NOUN
BCr.32c12,http://gams.uni-graz.at/o:glossvibe.bvi#BCr.32c12.4,kalendis,kalenda,NOUN
BCr.32c12,http://gams.uni-graz.at/o:glossvibe.bvi#BCr.32c12.5,ianuaris,ianuarius,NOUN
BVi.04c18.63,http://gams.uni-graz.at/o:glossvibe.bvi#BVi.04c18.63.3,kalendis,kalenda,NOUN
BVi.04c18.63,http://gams.uni-graz.at/o:glossvibe.bvi#BVi.04c18.63.4,ianuariis,ianuarius,NOUN
Ang.58b27,http://gams.uni-graz.at/o:glossvibe.bvi#Ang.58b27.2,a,a,ADP
Ang.58b27,http://gams.uni-graz.at/o:glossvibe.bvi#Ang.58b27.3,te,tu,PRON
BVi.04d26.74,http://gams.uni-graz.at/o:glossvibe.bvi#BVi.04d26.74.06,idest,idest,NA
BVi.04d26.74,http://gams.uni-graz.at/o:glossvibe.bvi#BVi.04d26.74.07,nonus,nonus,NOUN
Ang.59a15,http://gams.uni-graz.at/o:glossvibe.bvi#Ang.59a15.0,idest,idest,NA
Ang.59a15,http://gams.uni-graz.at/o:glossvibe.bvi#Ang.59a15.1,dies,dies,NOUN
BVi.04d30,http://gams.uni-graz.at/o:glossvibe.bvi#BVi.04d30.0,idest,idest,NA
BVi.04d30,http://gams.uni-graz.at/o:glossvibe.bvi#BVi.04d30.1,dies,dies,NOUN
