sample_id,word_id,word,lemma_gold,pos_gold,lemma_pred,pos_pred
BCr.27a40,http://gams.uni-graz.at/o:glossvibe.bvi#BCr.27a40.0,idest,idest,CCONJ,idest,CCONJ
BCr.27a40,http://gams.uni-graz.at/o:glossvibe.bvi#BCr.27a40.1,sidera,sidus,NOUN,sidus,NOUN
BCr.27a40,http://gams.uni-graz.at/o:glossvibe.bvi#BCr.27a40.2,uel,uel,CCONJ,vel,CCONJ
BCr.27a40,http://gams.uni-graz.at/o:glossvibe.bvi#BCr.27a40.3,spatia,spatium,NOUN,spatium,NOUN
BVi.01a06,http://gams.uni-graz.at/o:glossvibe.bvi#BVi.01a06.0,sideera,sidus,NOUN,sideera,NOUN
BVi.01a06,http://gams.uni-graz.at/o:glossvibe.bvi#BVi.01a06.1,uel,uel,CCONJ,vel,ADV
BVi.01a06,http://gams.uni-graz.at/o:glossvibe.bvi#BVi.01a06.2,spatia,spatium,NOUN,spatium,NOUN
BVi.01a07,http://gams.uni-graz.at/o:glossvibe.bvi#BVi.01a07.0,eo,is,PRON,is,DET
BVi.01a07,http://gams.uni-graz.at/o:glossvibe.bvi#BVi.01a07.1,quorum,qui,PRON,qui,DET
BVi.01a07,http://gams.uni-graz.at/o:glossvibe.bvi#BVi.01a07.2,qui,qui,PRON,qui,DET
Ang.50a02c,http://gams.uni-graz.at/o:glossvibe.bvi#Ang.50a02c.0,fit,facio,VERB,fio,VERB
Ang.50a02c,http://gams.uni-graz.at/o:glossvibe.bvi#Ang.50a02c.1,lumen,lumen,NOUN,lumen,NOUN
Ang.50a02c,http://gams.uni-graz.at/o:glossvibe.bvi#Ang.50a02c.2,in,in,ADP,in,PREP
Ang.50a02c,http://gams.uni-graz.at/o:glossvibe.bvi#Ang.50a02c.3,eis,is,PRON,is,DET
Ang.50a02c,http://gams.uni-graz.at/o:glossvibe.bvi#Ang.50a02c.4,in,in,ADP,in,PREP
Ang.50a02c,http://gams.uni-graz.at/o:glossvibe.bvi#Ang.50a02c.5,hoc,hic,DET,hic,DIMOS
Ang.50a02c,http://gams.uni-graz.at/o:glossvibe.bvi#Ang.50a02c.6,tempore,tempus,NOUN,tempus,NOUN
BVi.01a19a,http://gams.uni-graz.at/o:glossvibe.bvi#BVi.01a19a.0,uel,uel,CCONJ,vel,CCONJ
BVi.01a19a,http://gams.uni-graz.at/o:glossvibe.bvi#BVi.01a19a.1,absida,absida,NOUN,absida,NOUN
BVi.01a19a,http://gams.uni-graz.at/o:glossvibe.bvi#BVi.01a19a.2,sedes,sedes,NOUN,sedes,NOUN
BVi.01a19a,http://gams.uni-graz.at/o:glossvibe.bvi#BVi.01a19a.3,episcopalis,episcopalis,ADJ,episcopalis,ADJ
BVi.01a19a,http://gams.uni-graz.at/o:glossvibe.bvi#BVi.01a19a.4,et,et,CCONJ,et,CCONJ
BVi.01a19a,http://gams.uni-graz.at/o:glossvibe.bvi#BVi.01a19a.5,?,nan,CCONJ,?,PUNCT
BVi.01a19a,http://gams.uni-graz.at/o:glossvibe.bvi#BVi.01a19a.6,graecus,graecus,NOUN,Graecus,NOUN
BVi.01a19a,http://gams.uni-graz.at/o:glossvibe.bvi#BVi.01a19a.7,et,et,CCONJ,et,CCONJ
BVi.01a19a,http://gams.uni-graz.at/o:glossvibe.bvi#BVi.01a19a.8,interpretatur,interpretor,VERB,interpreto,VERB
BVi.01a19a,http://gams.uni-graz.at/o:glossvibe.bvi#BVi.01a19a.9,splendida,splendidus,ADJ,splendidus,ADJ
BCr.27a53,http://gams.uni-graz.at/o:glossvibe.bvi#BCr.27a53.0,apparent,appareo,VERB,appareo|apparo,VERB
BCr.27b03,http://gams.uni-graz.at/o:glossvibe.bvi#BCr.27b03.0,idest,idest,CCONJ,idest,CCONJ
BCr.27b03,http://gams.uni-graz.at/o:glossvibe.bvi#BCr.27b03.10,arcam,arca,NOUN,arca,NOUN
BCr.27b03,http://gams.uni-graz.at/o:glossvibe.bvi#BCr.27b03.11,resplendeat,resplendeo,VERB,resplendeo,VERB
BCr.27b03,http://gams.uni-graz.at/o:glossvibe.bvi#BCr.27b03.12,sed,sed,CCONJ,sed,CCONJ
BCr.27b03,http://gams.uni-graz.at/o:glossvibe.bvi#BCr.27b03.13,utrum,utrum,ADV,utrum,ADV
BCr.27b03,http://gams.uni-graz.at/o:glossvibe.bvi#BCr.27b03.14,absidam,absida,NOUN,absida,NOUN
BCr.27b03,http://gams.uni-graz.at/o:glossvibe.bvi#BCr.27b03.15,an,an,CCONJ,an,CCONJ
BCr.27b03,http://gams.uni-graz.at/o:glossvibe.bvi#BCr.27b03.16,absidam,absida,NOUN,absida,NOUN
BCr.27b03,http://gams.uni-graz.at/o:glossvibe.bvi#BCr.27b03.17,dicere,dico,VERB,dico,VERB
BCr.27b03,http://gams.uni-graz.at/o:glossvibe.bvi#BCr.27b03.18,debemus,debeo,VERB,debeo,VERB
BCr.27b03,http://gams.uni-graz.at/o:glossvibe.bvi#BCr.27b03.19,hic,hic,DET,hic,DIMOS
BCr.27b03,http://gams.uni-graz.at/o:glossvibe.bvi#BCr.27b03.20,uerbi,uerbum,NOUN,verbum,NOUN
BCr.27b03,http://gams.uni-graz.at/o:glossvibe.bvi#BCr.27b03.21,genus,genus,NOUN,genus,NOUN
BCr.27b03,http://gams.uni-graz.at/o:glossvibe.bvi#BCr.27b03.22,hic,hic,DET,hic,DIMOS
BCr.27b03,http://gams.uni-graz.at/o:glossvibe.bvi#BCr.27b03.23,uerbi,uerbum,NOUN,verbum,NOUN
BCr.27b03,http://gams.uni-graz.at/o:glossvibe.bvi#BCr.27b03.24,genus,genus,NOUN,genus,NOUN
BCr.27b03,http://gams.uni-graz.at/o:glossvibe.bvi#BCr.27b03.25,ambiguum,ambiguus,ADJ,ambiguus,ADJ
BCr.27b03,http://gams.uni-graz.at/o:glossvibe.bvi#BCr.27b03.26,quidam,quidam,PRON,quidam,PRON
BCr.27b03,http://gams.uni-graz.at/o:glossvibe.bvi#BCr.27b03.27,doctorum,doctor,NOUN,doceo,VERB
BCr.27b03,http://gams.uni-graz.at/o:glossvibe.bvi#BCr.27b03.28,existimant,existimo,VERB,existimo,VERB
Sg.55.32,http://gams.uni-graz.at/o:glossvibe.bvi#Sg.55.32.0,idest,idest,CCONJ,idest,CCONJ
Sg.55.32,http://gams.uni-graz.at/o:glossvibe.bvi#Sg.55.32.1,absida,absida,NOUN,absida,NOUN
Sg.55.32,http://gams.uni-graz.at/o:glossvibe.bvi#Sg.55.32.2,graece,graece,ADV,graecus,ADJ
Sg.55.32,http://gams.uni-graz.at/o:glossvibe.bvi#Sg.55.32.3,interpretatur,interpretor,VERB,interpreto,VERB
Sg.55.32,http://gams.uni-graz.at/o:glossvibe.bvi#Sg.55.32.4,lucida,lucidus,ADJ,lucidus,ADJ
Ang.50a09c,http://gams.uni-graz.at/o:glossvibe.bvi#Ang.50a09c.0,aiunt,aio,VERB,aio,VERB
BVi.01a20,http://gams.uni-graz.at/o:glossvibe.bvi#BVi.01a20.0,aiunt,aio,VERB,aio,VERB
Ang.50a09e,http://gams.uni-graz.at/o:glossvibe.bvi#Ang.50a09e.0,lunae,luna,NOUN,luna,NOUN
BVi.01a21,http://gams.uni-graz.at/o:glossvibe.bvi#BVi.01a21.0,lune,luna,NOUN,lune,VERB
Ang.50a11b,http://gams.uni-graz.at/o:glossvibe.bvi#Ang.50a11b.0,ut,ut,SCONJ,ut,CS
Ang.50a11b,http://gams.uni-graz.at/o:glossvibe.bvi#Ang.50a11b.1,fit,facio,VERB,fio,VERB
Ang.50a11b,http://gams.uni-graz.at/o:glossvibe.bvi#Ang.50a11b.2,lucerna,lucerna,NOUN,lucerna,NOUN
Ang.50a11b,http://gams.uni-graz.at/o:glossvibe.bvi#Ang.50a11b.3,contra,contra,ADP,contra,PREP
Ang.50a11b,http://gams.uni-graz.at/o:glossvibe.bvi#Ang.50a11b.4,corpus,corpus,NOUN,corpus,NOUN
Ang.50a11b,http://gams.uni-graz.at/o:glossvibe.bvi#Ang.50a11b.5,hominis,homo,NOUN,homo,NOUN
BCr.27b06,http://gams.uni-graz.at/o:glossvibe.bvi#BCr.27b06.0,ut,ut,SCONJ,ut,CS
BCr.27b06,http://gams.uni-graz.at/o:glossvibe.bvi#BCr.27b06.1,fit,facio,VERB,fio,VERB
BCr.27b06,http://gams.uni-graz.at/o:glossvibe.bvi#BCr.27b06.2,candela,candela,NOUN,candela,NOUN
BCr.27b06,http://gams.uni-graz.at/o:glossvibe.bvi#BCr.27b06.3,contra,contra,ADP,contra,PREP
BCr.27b06,http://gams.uni-graz.at/o:glossvibe.bvi#BCr.27b06.4,corpus,corpus,NOUN,corpus,NOUN
BCr.27b06,http://gams.uni-graz.at/o:glossvibe.bvi#BCr.27b06.5,hominis,homo,NOUN,homo,NOUN
BVi.01a28,http://gams.uni-graz.at/o:glossvibe.bvi#BVi.01a28.0,ut,ut,SCONJ,ut,CS
BVi.01a28,http://gams.uni-graz.at/o:glossvibe.bvi#BVi.01a28.1,lucerna,lucerna,NOUN,lucerna,NOUN
BVi.01a28,http://gams.uni-graz.at/o:glossvibe.bvi#BVi.01a28.2,fit,facio,VERB,fio,VERB
Sg.55.38,http://gams.uni-graz.at/o:glossvibe.bvi#Sg.55.38.0,idest,idest,CCONJ,idest,CCONJ
Sg.55.38,http://gams.uni-graz.at/o:glossvibe.bvi#Sg.55.38.1,ut,ut,SCONJ,ut,CS
Sg.55.38,http://gams.uni-graz.at/o:glossvibe.bvi#Sg.55.38.2,fit,facio,VERB,fio,VERB
Sg.55.38,http://gams.uni-graz.at/o:glossvibe.bvi#Sg.55.38.3,candela,candela,NOUN,candela,NOUN
Sg.55.38,http://gams.uni-graz.at/o:glossvibe.bvi#Sg.55.38.4,contra,contra,ADP,contra,PREP
Sg.55.38,http://gams.uni-graz.at/o:glossvibe.bvi#Sg.55.38.5,corpus,corpus,NOUN,corpus,NOUN
Sg.55.38,http://gams.uni-graz.at/o:glossvibe.bvi#Sg.55.38.6,hominis,homo,NOUN,homo,NOUN
Ang.50a14c,http://gams.uni-graz.at/o:glossvibe.bvi#Ang.50a14c.0,paulatim,paulatim,ADV,paulatim,ADV
BVi.01a30,http://gams.uni-graz.at/o:glossvibe.bvi#BVi.01a30.0,paulatim,paulatim,ADV,paulatim,ADV
Ang.50a20,http://gams.uni-graz.at/o:glossvibe.bvi#Ang.50a20.0,cupida,auara,NOUN,cupidus,ADJ
Ang.50a20,http://gams.uni-graz.at/o:glossvibe.bvi#Ang.50a20.1,auara,cupidus,ADJ,avarus,ADJ
BCr.27b23a,http://gams.uni-graz.at/o:glossvibe.bvi#BCr.27b23a.0,idest,idest,CCONJ,idest,CCONJ
BCr.27b23a,http://gams.uni-graz.at/o:glossvibe.bvi#BCr.27b23a.1,auara,auara,NOUN,avarus,ADJ
BVi.01a38,http://gams.uni-graz.at/o:glossvibe.bvi#BVi.01a38.0,auara,auara,NOUN,avarus,ADJ
BVi.01a38,http://gams.uni-graz.at/o:glossvibe.bvi#BVi.01a38.1,cupida,cupidus,ADJ,cupidus,ADJ
BCr.27b28,http://gams.uni-graz.at/o:glossvibe.bvi#BCr.27b28.0,idest,idest,CCONJ,idest,CCONJ
BCr.27b28,http://gams.uni-graz.at/o:glossvibe.bvi#BCr.27b28.1,quaerere,quaero,VERB,quaero,VERB
BVi.01a45,http://gams.uni-graz.at/o:glossvibe.bvi#BVi.01a45.0,cetera,ceterus,DET,ceterus,ADJ
Ang.50a25b,http://gams.uni-graz.at/o:glossvibe.bvi#Ang.50a25b.0,apud,apud,ADP,apud,PREP
Ang.50a25b,http://gams.uni-graz.at/o:glossvibe.bvi#Ang.50a25b.1,scithas,scythae,NOUN,scithas,NOUN
BCr.27b34,http://gams.uni-graz.at/o:glossvibe.bvi#BCr.27b34.0,apud,apud,ADP,apud,PREP
BCr.27b34,http://gams.uni-graz.at/o:glossvibe.bvi#BCr.27b34.1,scithios,scythae,NOUN,scithios,ADJ
BVi.01a46a,http://gams.uni-graz.at/o:glossvibe.bvi#BVi.01a46a.0,idest,idest,CCONJ,idest,CCONJ
BVi.01a46a,http://gams.uni-graz.at/o:glossvibe.bvi#BVi.01a46a.1,apud,apud,ADP,apud,PREP
BVi.01a46a,http://gams.uni-graz.at/o:glossvibe.bvi#BVi.01a46a.2,scithas,scythae,NOUN,scithas,NOUN
Ang.50a26a,http://gams.uni-graz.at/o:glossvibe.bvi#Ang.50a26a.0,causa,causa,NOUN,causa,NOUN
Ang.50a26a,http://gams.uni-graz.at/o:glossvibe.bvi#Ang.50a26a.1,diei,dies,NOUN,dies,NOUN
Ang.50a26a,http://gams.uni-graz.at/o:glossvibe.bvi#Ang.50a26a.2,modici,modicus,ADJ,modicus,ADJ
BCr.27b35,http://gams.uni-graz.at/o:glossvibe.bvi#BCr.27b35.0,causa,causa,NOUN,causa,NOUN
BCr.27b35,http://gams.uni-graz.at/o:glossvibe.bvi#BCr.27b35.1,diei,dies,NOUN,dies,NOUN
BCr.27b35,http://gams.uni-graz.at/o:glossvibe.bvi#BCr.27b35.2,modici,modicus,ADJ,modicus,ADJ
BVi.01a46b,http://gams.uni-graz.at/o:glossvibe.bvi#BVi.01a46b.0,causa,causa,NOUN,causa,NOUN
BVi.01a46b,http://gams.uni-graz.at/o:glossvibe.bvi#BVi.01a46b.1,diei,dies,NOUN,dies,NOUN
BVi.01a46b,http://gams.uni-graz.at/o:glossvibe.bvi#BVi.01a46b.2,modici,modicus,ADJ,modicus,ADJ
Ang.50a26b,http://gams.uni-graz.at/o:glossvibe.bvi#Ang.50a26b.0,somno,somnus,NOUN,somnus,NOUN
BVi.01a47a,http://gams.uni-graz.at/o:glossvibe.bvi#BVi.01a47a.0,somno,somnus,NOUN,somnus,NOUN
Ang.50a27a,http://gams.uni-graz.at/o:glossvibe.bvi#Ang.50a27a.0,nox,nox,NOUN,nox,NOUN
BVi.01a47b,http://gams.uni-graz.at/o:glossvibe.bvi#BVi.01a47b.0,nox,nox,NOUN,nox,NOUN
Ang.50b03f,http://gams.uni-graz.at/o:glossvibe.bvi#Ang.50b03f.0,idest,idest,CCONJ,idest,CCONJ
Ang.50b03f,http://gams.uni-graz.at/o:glossvibe.bvi#Ang.50b03f.1,ad,ad,ADP,ad,PREP
Ang.50b03f,http://gams.uni-graz.at/o:glossvibe.bvi#Ang.50b03f.2,septem,septem,NUM,septem,NUM
BVi.01b14,http://gams.uni-graz.at/o:glossvibe.bvi#BVi.01b14.0,ad,ad,ADP,ad,PREP
BVi.01b14,http://gams.uni-graz.at/o:glossvibe.bvi#BVi.01b14.1,septimo,septem,NUM,septem,NUM
BVi.01b14,http://gams.uni-graz.at/o:glossvibe.bvi#BVi.01b14.2,numero,numerus,NOUN,numerus,NOUN
BVi.01b22,http://gams.uni-graz.at/o:glossvibe.bvi#BVi.01b22.0,idest,idest,CCONJ,idest,CCONJ
BVi.01b22,http://gams.uni-graz.at/o:glossvibe.bvi#BVi.01b22.1,numer,nan,CCONJ,numer,VERB
Ang.50b12a,http://gams.uni-graz.at/o:glossvibe.bvi#Ang.50b12a.0,similitudine,similitudo,NOUN,similitudo,NOUN
Ang.50b12a,http://gams.uni-graz.at/o:glossvibe.bvi#Ang.50b12a.1,septimi,septimus 1,ADJ,septem,NUM
Ang.50b12a,http://gams.uni-graz.at/o:glossvibe.bvi#Ang.50b12a.2,diei,dies,NOUN,dies,NOUN
Ang.50b12a,http://gams.uni-graz.at/o:glossvibe.bvi#Ang.50b12a.3,initii,initium,NOUN,initium,NOUN
Ang.50b12a,http://gams.uni-graz.at/o:glossvibe.bvi#Ang.50b12a.4,mundi,mundus,NOUN,mundus,NOUN
BCr.27c22,http://gams.uni-graz.at/o:glossvibe.bvi#BCr.27c22.0,ad,ad,ADP,ad,PREP
BCr.27c22,http://gams.uni-graz.at/o:glossvibe.bvi#BCr.27c22.1,similitudinem,similitudo,NOUN,similitudo,NOUN
BVi.01b38,http://gams.uni-graz.at/o:glossvibe.bvi#BVi.01b38.0,ebdomada,ebdomada,NOUN,ebdomada,VERB
Ang.50b32d,http://gams.uni-graz.at/o:glossvibe.bvi#Ang.50b32d.0,idest,idest,CCONJ,idest,CCONJ
Ang.50b32d,http://gams.uni-graz.at/o:glossvibe.bvi#Ang.50b32d.1,prouocat,prouoco,VERB,provoco,VERB
BVi.01c08,http://gams.uni-graz.at/o:glossvibe.bvi#BVi.01c08.0,prouocat,prouoco,VERB,provoco,VERB
Ang.50b36b,http://gams.uni-graz.at/o:glossvibe.bvi#Ang.50b36b.0,complet,compleo,VERB,compleo,VERB
Ang.50b36b,http://gams.uni-graz.at/o:glossvibe.bvi#Ang.50b36b.1,signiferum,signifer,ADJ,signifer,NOUN
BCr.27c55,http://gams.uni-graz.at/o:glossvibe.bvi#BCr.27c55.0,idest,idest,CCONJ,idest,CCONJ
BCr.27c55,http://gams.uni-graz.at/o:glossvibe.bvi#BCr.27c55.1,complet,compleo,VERB,compleo,VERB
BCr.27c55,http://gams.uni-graz.at/o:glossvibe.bvi#BCr.27c55.2,uel,uel,CCONJ,vel,CCONJ
BCr.27c55,http://gams.uni-graz.at/o:glossvibe.bvi#BCr.27c55.3,ministrat,ministro,VERB,ministro,VERB
BVi.01c14a,http://gams.uni-graz.at/o:glossvibe.bvi#BVi.01c14a.0,complet,compleo,VERB,compleo,VERB
BVi.01c14b,http://gams.uni-graz.at/o:glossvibe.bvi#BVi.01c14b.0,ueneri,dies ueneris,NOUN,Venus,NOUN
Ang.50b37a,http://gams.uni-graz.at/o:glossvibe.bvi#Ang.50b37a.0,uelociore,uelox,ADJ,uelociore,ADJ
BVi.01c15,http://gams.uni-graz.at/o:glossvibe.bvi#BVi.01c15.0,uelociorium,uelox,ADJ,uelociorium,ADJ
Ang.51a05a,http://gams.uni-graz.at/o:glossvibe.bvi#Ang.51a05a.0,martis,mars,NOUN,Mars,NOUN
BVi.01c22b,http://gams.uni-graz.at/o:glossvibe.bvi#BVi.01c22b.0,martis,mars,NOUN,Mars,NOUN
BVi.01c22a,http://gams.uni-graz.at/o:glossvibe.bvi#BVi.01c22a.0,uiligro,nan,CCONJ,uiligro,VERB
BVi.01c22a,http://gams.uni-graz.at/o:glossvibe.bvi#BVi.01c22a.1,cis,nan,CCONJ,cio,VERB
Ang.51a05d,http://gams.uni-graz.at/o:glossvibe.bvi#Ang.51a05d.0,mercurius,mercurius,NOUN,Mercurius,NOUN
BVi.01c22d,http://gams.uni-graz.at/o:glossvibe.bvi#BVi.01c22d.0,mercorius,mercurius,NOUN,mercorius,ADJ
Ang.51a05g,http://gams.uni-graz.at/o:glossvibe.bvi#Ang.51a05g.0,iouis,iuppiter,PROPN,iouis,NOUN
BVi.01c23a,http://gams.uni-graz.at/o:glossvibe.bvi#BVi.01c23a.0,ioppiter,iuppiter,PROPN,ioppiter,NOUN
Ang.51a06b,http://gams.uni-graz.at/o:glossvibe.bvi#Ang.51a06b.0,uener,dies ueneris,NOUN,venor,VERB
BVi.01c23b,http://gams.uni-graz.at/o:glossvibe.bvi#BVi.01c23b.0,ueneri,dies ueneris,NOUN,Venus,NOUN
Ang.51a06e,http://gams.uni-graz.at/o:glossvibe.bvi#Ang.51a06e.0,dies,dies,NOUN,dies,NOUN
Ang.51a06e,http://gams.uni-graz.at/o:glossvibe.bvi#Ang.51a06e.1,ebdomadae,ebdomada,NOUN,ebdomadae,ADJ
Ang.51a06c,http://gams.uni-graz.at/o:glossvibe.bvi#Ang.51a06c.0,saturnus,saturnus,NOUN,saturnus,ADJ
BVi.01c24a,http://gams.uni-graz.at/o:glossvibe.bvi#BVi.01c24a.0,saturnus,saturnus,NOUN,saturnus,ADJ
Ang.51a16e,http://gams.uni-graz.at/o:glossvibe.bvi#Ang.51a16e.0,idest,idest,CCONJ,idest,CCONJ
Ang.51a16e,http://gams.uni-graz.at/o:glossvibe.bvi#Ang.51a16e.1,una,unus,NUM,unus,NUM
Ang.51a16e,http://gams.uni-graz.at/o:glossvibe.bvi#Ang.51a16e.2,die,dies,NOUN,dies,NOUN
Ang.51a16e,http://gams.uni-graz.at/o:glossvibe.bvi#Ang.51a16e.3,dominico,dominicus,ADJ,dominicus,ADJ
BCr.27d44,http://gams.uni-graz.at/o:glossvibe.bvi#BCr.27d44.0,uno,unus,NUM,unus,NUM
BCr.27d44,http://gams.uni-graz.at/o:glossvibe.bvi#BCr.27d44.1,die,dies,NOUN,dies,NOUN
BVi.01c38.16,http://gams.uni-graz.at/o:glossvibe.bvi#BVi.01c38.16.0,uno,unus,NUM,unus,NUM
Sg.57.37b,http://gams.uni-graz.at/o:glossvibe.bvi#Sg.57.37b.0,idest,idest,CCONJ,idest,CCONJ
Sg.57.37b,http://gams.uni-graz.at/o:glossvibe.bvi#Sg.57.37b.1,uno,unus,NUM,unus,NUM
Sg.57.37b,http://gams.uni-graz.at/o:glossvibe.bvi#Sg.57.37b.2,die,dies,NOUN,dies,NOUN
Ang.51a22a,http://gams.uni-graz.at/o:glossvibe.bvi#Ang.51a22a.0,annorum,annus,NOUN,annus,NOUN
BVi.01d05a,http://gams.uni-graz.at/o:glossvibe.bvi#BVi.01d05a.0,annorum,annus,NOUN,annus,NOUN
Ang.51a22b,http://gams.uni-graz.at/o:glossvibe.bvi#Ang.51a22b.0,idest,idest,CCONJ,idest,CCONJ
Ang.51a22b,http://gams.uni-graz.at/o:glossvibe.bvi#Ang.51a22b.1,sacrificio,sacrificium,NOUN,sacrificium,NOUN
Ang.51a24b,http://gams.uni-graz.at/o:glossvibe.bvi#Ang.51a24b.0,speramus,spero,VERB,spero,VERB
BVi.01d09,http://gams.uni-graz.at/o:glossvibe.bvi#BVi.01d09.0,speramus,spero,VERB,spero,VERB
Ang.51a26a,http://gams.uni-graz.at/o:glossvibe.bvi#Ang.51a26a.0,mundari,mundo,VERB,mundo,VERB
BCr.28a04,http://gams.uni-graz.at/o:glossvibe.bvi#BCr.28a04.0,idest,idest,CCONJ,idest,CCONJ
BCr.28a04,http://gams.uni-graz.at/o:glossvibe.bvi#BCr.28a04.1,mundari,mundo,VERB,mundo,VERB
BCr.28a04,http://gams.uni-graz.at/o:glossvibe.bvi#BCr.28a04.2,uel,uel,CCONJ,vel,CCONJ
BCr.28a04,http://gams.uni-graz.at/o:glossvibe.bvi#BCr.28a04.3,consecrari,consecro,VERB,consecro,VERB
BCr.28a04,http://gams.uni-graz.at/o:glossvibe.bvi#BCr.28a04.4,uel,uel,CCONJ,vel,CCONJ
BCr.28a04,http://gams.uni-graz.at/o:glossvibe.bvi#BCr.28a04.5,lauari,lauo,VERB,lavo,VERB
Sg.58.02,http://gams.uni-graz.at/o:glossvibe.bvi#Sg.58.02.0,idest,idest,CCONJ,idest,CCONJ
Sg.58.02,http://gams.uni-graz.at/o:glossvibe.bvi#Sg.58.02.1,mundari,mundo,VERB,mundo,VERB
BVi.01d30a,http://gams.uni-graz.at/o:glossvibe.bvi#BVi.01d30a.0,arg,argumentum,NOUN,arg,NOUN
BVi.01d30a,http://gams.uni-graz.at/o:glossvibe.bvi#BVi.01d30a.1,capientibus,capio,VERB,capio,VERB
BVi.01d30a,http://gams.uni-graz.at/o:glossvibe.bvi#BVi.01d30a.2,et,et,CCONJ,et,CCONJ
BVi.01d30a,http://gams.uni-graz.at/o:glossvibe.bvi#BVi.01d30a.3,curiosis,curiosus,ADJ,curiosus,ADJ
Ang.51b03a,http://gams.uni-graz.at/o:glossvibe.bvi#Ang.51b03a.0,profetiam,prophetia,NOUN,profetiam,VERB
BCr.28a30,http://gams.uni-graz.at/o:glossvibe.bvi#BCr.28a30.0,profetiae,prophetia,NOUN,profetiae,NOUN
BVi.01d30b,http://gams.uni-graz.at/o:glossvibe.bvi#BVi.01d30b.0,profoetie,prophetia,NOUN,profoetie,NOUN
BVi.01d30c,http://gams.uni-graz.at/o:glossvibe.bvi#BVi.01d30c.0,eclesiae,ecclesia,NOUN,eclesiae,NOUN
BVi.01d37,http://gams.uni-graz.at/o:glossvibe.bvi#BVi.01d37.0,lex,lex,NOUN,lex|lex/is,NOUN
Ang.51b08a,http://gams.uni-graz.at/o:glossvibe.bvi#Ang.51b08a.0,christus,christus,PROPN,Christus,NOUN
Ang.51b08a,http://gams.uni-graz.at/o:glossvibe.bvi#Ang.51b08a.1,spiritu,spiritus,NOUN,spiritus,NOUN
Ang.51b08a,http://gams.uni-graz.at/o:glossvibe.bvi#Ang.51b08a.2,sancto,sanctus,ADJ,sancio,VERB
BCr.28a44,http://gams.uni-graz.at/o:glossvibe.bvi#BCr.28a44.0,spiritu,spiritus,NOUN,spiritus,NOUN
BCr.28a44,http://gams.uni-graz.at/o:glossvibe.bvi#BCr.28a44.1,sancto,sanctus,ADJ,sancio,VERB
BVi.01d40a,http://gams.uni-graz.at/o:glossvibe.bvi#BVi.01d40a.0,spiritus,spiritus,NOUN,spiritus,NOUN
BVi.01d40a,http://gams.uni-graz.at/o:glossvibe.bvi#BVi.01d40a.1,sanctus,sanctus,ADJ,sanctus,ADJ
Sg.58.25,http://gams.uni-graz.at/o:glossvibe.bvi#Sg.58.25.0,idest,idest,CCONJ,idest,CCONJ
Sg.58.25,http://gams.uni-graz.at/o:glossvibe.bvi#Sg.58.25.1,spiritu,sanctus,ADJ,spiritus,NOUN
Sg.58.25,http://gams.uni-graz.at/o:glossvibe.bvi#Sg.58.25.2,sancto,sanctus,ADJ,sancio,VERB
BVi.01d40b,http://gams.uni-graz.at/o:glossvibe.bvi#BVi.01d40b.0,profoetis,prophetium,NOUN,profoetis,VERB
BVi.01d40b,http://gams.uni-graz.at/o:glossvibe.bvi#BVi.01d40b.1,et,et,CCONJ,et,CCONJ
BVi.01d40b,http://gams.uni-graz.at/o:glossvibe.bvi#BVi.01d40b.2,apostolis,apostolus,NOUN,apostola|apostolus,NOUN
BVi.01d24,http://gams.uni-graz.at/o:glossvibe.bvi#BVi.01d24.0,idest,idest,CCONJ,idest,CCONJ
BVi.01d24,http://gams.uni-graz.at/o:glossvibe.bvi#BVi.01d24.1,lunae,luna,NOUN,luna,NOUN
BVi.01d26a.18a,http://gams.uni-graz.at/o:glossvibe.bvi#BVi.01d26a.18a.0,idest,idest,CCONJ,idest,CCONJ
BVi.01d26a.18a,http://gams.uni-graz.at/o:glossvibe.bvi#BVi.01d26a.18a.1,anno,annus,NOUN,annus,NOUN
Ang.51a36b,http://gams.uni-graz.at/o:glossvibe.bvi#Ang.51a36b.0,idest,idest,CCONJ,idest,CCONJ
Ang.51a36b,http://gams.uni-graz.at/o:glossvibe.bvi#Ang.51a36b.1,ogdad,nan,CCONJ,ogdad,VERB
BCr.28a25,http://gams.uni-graz.at/o:glossvibe.bvi#BCr.28a25.0,ogdad,nan,CCONJ,ogdad,VERB
BCr.28a25,http://gams.uni-graz.at/o:glossvibe.bvi#BCr.28a25.1,et,et,CCONJ,et,CCONJ
BCr.28a25,http://gams.uni-graz.at/o:glossvibe.bvi#BCr.28a25.2,endicad,nan,CCONJ,endicad,NOUN
Ang.51b11d,http://gams.uni-graz.at/o:glossvibe.bvi#Ang.51b11d.0,angelus,angelus,NOUN,angelus,NOUN
BVi.01d43,http://gams.uni-graz.at/o:glossvibe.bvi#BVi.01d43.0,angelus,angelus,NOUN,angelus,NOUN
BVi.02a10,http://gams.uni-graz.at/o:glossvibe.bvi#BVi.02a10.0,dies,dies,NOUN,dies,NOUN
BCr.29a50,http://gams.uni-graz.at/o:glossvibe.bvi#BCr.29a50.0,in,in,ADP,in,PREP
BCr.29a50,http://gams.uni-graz.at/o:glossvibe.bvi#BCr.29a50.1,numero,numerus,NOUN,numerus,NOUN
BVi.02a18a,http://gams.uni-graz.at/o:glossvibe.bvi#BVi.02a18a.0,numero,numerus,NOUN,numerus,NOUN
BVi.02a18b,http://gams.uni-graz.at/o:glossvibe.bvi#BVi.02a18b.0,idest,idest,CCONJ,idest,CCONJ
BVi.02a18b,http://gams.uni-graz.at/o:glossvibe.bvi#BVi.02a18b.1,dies,dies,NOUN,dies,NOUN
Ang.53b01a,http://gams.uni-graz.at/o:glossvibe.bvi#Ang.53b01a.0,idest,idest,CCONJ,idest,CCONJ
BVi.02a19,http://gams.uni-graz.at/o:glossvibe.bvi#BVi.02a19.0,idest,idest,CCONJ,idest,CCONJ
BVi.02a19,http://gams.uni-graz.at/o:glossvibe.bvi#BVi.02a19.1,unus,unus,NUM,unus,NUM
BVi.02a19,http://gams.uni-graz.at/o:glossvibe.bvi#BVi.02a19.2,deest,desum,VERB,desum,VERB
BCr.29b04,http://gams.uni-graz.at/o:glossvibe.bvi#BCr.29b04.0,in,in,ADP,in,PREP
BCr.29b04,http://gams.uni-graz.at/o:glossvibe.bvi#BCr.29b04.1,quo,qui,PRON,qui,DET
BCr.29b04,http://gams.uni-graz.at/o:glossvibe.bvi#BCr.29b04.2,fuit,sum,VERB,sum,ESSE:IND
BCr.29b04,http://gams.uni-graz.at/o:glossvibe.bvi#BCr.29b04.3,noe,noe,PROPN,noe,NOUN
BVi.02a28.19a,http://gams.uni-graz.at/o:glossvibe.bvi#BVi.02a28.19a.0,idest,idest,CCONJ,idest,CCONJ
BVi.02a28.19a,http://gams.uni-graz.at/o:glossvibe.bvi#BVi.02a28.19a.1,noe,noe,PROPN,noe,NOUN
BVi.02a30a,http://gams.uni-graz.at/o:glossvibe.bvi#BVi.02a30a.0,et,et,CCONJ,et,CCONJ
Ang.53b08b,http://gams.uni-graz.at/o:glossvibe.bvi#Ang.53b08b.0,luna,luna,NOUN,luna,NOUN
BVi.02a31,http://gams.uni-graz.at/o:glossvibe.bvi#BVi.02a31.0,idest,idest,CCONJ,idest,CCONJ
BVi.02a31,http://gams.uni-graz.at/o:glossvibe.bvi#BVi.02a31.1,luna,luna,NOUN,luna,NOUN
Ang.53b11a,http://gams.uni-graz.at/o:glossvibe.bvi#Ang.53b11a.0,ad,ad,ADP,ad,PREP
Ang.53b11a,http://gams.uni-graz.at/o:glossvibe.bvi#Ang.53b11a.1,solem,sol,NOUN,sol,NOUN
Ang.53b11a,http://gams.uni-graz.at/o:glossvibe.bvi#Ang.53b11a.2,sequendum,sequor,VERB,sequor,VERB
Ang.53b11a,http://gams.uni-graz.at/o:glossvibe.bvi#Ang.53b11a.3,tamen,tamen,ADV,tamen,ADV
BVi.02a39,http://gams.uni-graz.at/o:glossvibe.bvi#BVi.02a39.0,signum,signum,NOUN,signum,NOUN
Ang.53b21,http://gams.uni-graz.at/o:glossvibe.bvi#Ang.53b21.0,idest,idest,CCONJ,idest,CCONJ
Ang.53b21,http://gams.uni-graz.at/o:glossvibe.bvi#Ang.53b21.1,solis,sol,NOUN,sol|solum,NOUN
Ang.53b21,http://gams.uni-graz.at/o:glossvibe.bvi#Ang.53b21.2,et,et,CCONJ,et,CCONJ
Ang.53b21,http://gams.uni-graz.at/o:glossvibe.bvi#Ang.53b21.3,lunae,luna,NOUN,luna,NOUN
BVi.02b07,http://gams.uni-graz.at/o:glossvibe.bvi#BVi.02b07.0,solis,sol,NOUN,solus,ADJ
BVi.02b07,http://gams.uni-graz.at/o:glossvibe.bvi#BVi.02b07.1,et,et,CCONJ,et,CCONJ
BVi.02b07,http://gams.uni-graz.at/o:glossvibe.bvi#BVi.02b07.2,lunae,luna,NOUN,luna,NOUN
BCr.29c01,http://gams.uni-graz.at/o:glossvibe.bvi#BCr.29c01.0,super,super,ADP,super,PREP
BCr.29c01,http://gams.uni-graz.at/o:glossvibe.bvi#BCr.29c01.1,lunares,lunares,ADJ,lunaris,ADJ
BCr.29c01,http://gams.uni-graz.at/o:glossvibe.bvi#BCr.29c01.2,quia,quia,SCONJ,quia,CS
BCr.29c01,http://gams.uni-graz.at/o:glossvibe.bvi#BCr.29c01.3,mene,nan,CCONJ,mene,VERB
BCr.29c01,http://gams.uni-graz.at/o:glossvibe.bvi#BCr.29c01.4,luna,luna,NOUN,luna,NOUN
BCr.29c01,http://gams.uni-graz.at/o:glossvibe.bvi#BCr.29c01.5,interpretatur,interpretor,VERB,interpreto,VERB
BCr.29c01,http://gams.uni-graz.at/o:glossvibe.bvi#BCr.29c01.6,et,et,CCONJ,et,CCONJ
BCr.29c01,http://gams.uni-graz.at/o:glossvibe.bvi#BCr.29c01.7,epo,nan,CCONJ,epo,VERB
BCr.29c01,http://gams.uni-graz.at/o:glossvibe.bvi#BCr.29c01.8,super,super,ADP,super,PREP
Sg.63.21,http://gams.uni-graz.at/o:glossvibe.bvi#Sg.63.21.0,idest,idest,CCONJ,idest,CCONJ
Sg.63.21,http://gams.uni-graz.at/o:glossvibe.bvi#Sg.63.21.1,super,super,ADP,super,PREP
Sg.63.21,http://gams.uni-graz.at/o:glossvibe.bvi#Sg.63.21.2,lunares,lunares,ADJ,lunaris,ADJ
Sg.63.21,http://gams.uni-graz.at/o:glossvibe.bvi#Sg.63.21.3,quia,quia,SCONJ,quia,CS
Sg.63.21,http://gams.uni-graz.at/o:glossvibe.bvi#Sg.63.21.4,mene,nan,CCONJ,mene,VERB
Sg.63.21,http://gams.uni-graz.at/o:glossvibe.bvi#Sg.63.21.5,luna,luna,NOUN,luna,NOUN
Sg.63.21,http://gams.uni-graz.at/o:glossvibe.bvi#Sg.63.21.6,interpretatur,interpretor,VERB,interpreto,VERB
Sg.63.21,http://gams.uni-graz.at/o:glossvibe.bvi#Sg.63.21.7,et,et,CCONJ,et,CCONJ
Sg.63.21,http://gams.uni-graz.at/o:glossvibe.bvi#Sg.63.21.8,epo,nan,CCONJ,epo,VERB
Sg.63.21,http://gams.uni-graz.at/o:glossvibe.bvi#Sg.63.21.9,super,super,ADP,super,PREP
BCr.29c41,http://gams.uni-graz.at/o:glossvibe.bvi#BCr.29c41.0,idest,idest,CCONJ,idest,CCONJ
BCr.29c41,http://gams.uni-graz.at/o:glossvibe.bvi#BCr.29c41.1,astrologis,astrologus,NOUN,astrologus,NOUN
BCr.29c41,http://gams.uni-graz.at/o:glossvibe.bvi#BCr.29c41.2,quamuis,quamuis,SCONJ,quamvis,ADV
BCr.29c41,http://gams.uni-graz.at/o:glossvibe.bvi#BCr.29c41.3,motauit,moto,VERB,moto,VERB
BCr.29c41,http://gams.uni-graz.at/o:glossvibe.bvi#BCr.29c41.4,sensum,sensus,NOUN,sensum|sensus,NOUN
BCr.29c41,http://gams.uni-graz.at/o:glossvibe.bvi#BCr.29c41.5,huius,hic,DET,hic,DIMOS
Sg.64.17,http://gams.uni-graz.at/o:glossvibe.bvi#Sg.64.17.0,idest,idest,CCONJ,idest,CCONJ
Sg.64.17,http://gams.uni-graz.at/o:glossvibe.bvi#Sg.64.17.1,astrologis,astrologus,NOUN,astrologus,NOUN
Ang.54a33c,http://gams.uni-graz.at/o:glossvibe.bvi#Ang.54a33c.0,idest,idest,CCONJ,idest,CCONJ
Ang.54a33c,http://gams.uni-graz.at/o:glossvibe.bvi#Ang.54a33c.1,ianuaris,ianuarius,NOUN,ianuaris,NOUN
Ang.54a33c,http://gams.uni-graz.at/o:glossvibe.bvi#Ang.54a33c.2,et,et,CCONJ,et,CCONJ
Ang.54a33c,http://gams.uni-graz.at/o:glossvibe.bvi#Ang.54a33c.3,februaris,februarius,NOUN,februaris,ADJ
Ang.54a33c,http://gams.uni-graz.at/o:glossvibe.bvi#Ang.54a33c.4,á,a,ADP,á,ADJ
Ang.54a33c,http://gams.uni-graz.at/o:glossvibe.bvi#Ang.54a33c.5,numa,numa,NOUN,numa,NOUN
BVi.02c28,http://gams.uni-graz.at/o:glossvibe.bvi#BVi.02c28.0,ianuaris,ianuarius,NOUN,ianuaris,VERB
BVi.02c28,http://gams.uni-graz.at/o:glossvibe.bvi#BVi.02c28.1,et,et,CCONJ,et,CCONJ
BVi.02c28,http://gams.uni-graz.at/o:glossvibe.bvi#BVi.02c28.2,februaris,februarius,NOUN,februaris,ADJ
BVi.02c29a,http://gams.uni-graz.at/o:glossvibe.bvi#BVi.02c29a.0,metitoris,metitor,NOUN,metitoris,VERB
BVi.02c29a,http://gams.uni-graz.at/o:glossvibe.bvi#BVi.02c29a.1,imperii,imperium,NOUN,imperium,NOUN
BVi.02c29a,http://gams.uni-graz.at/o:glossvibe.bvi#BVi.02c29a.2,non,non,NOUN,non,ADV
BVi.02c29a,http://gams.uni-graz.at/o:glossvibe.bvi#BVi.02c29a.3,imperatoris,imperator,NOUN,imperator,NOUN
BVi.02c29b,http://gams.uni-graz.at/o:glossvibe.bvi#BVi.02c29b.0,ut,ut,SCONJ,ut,CS
BVi.02c29b,http://gams.uni-graz.at/o:glossvibe.bvi#BVi.02c29b.1,iulius,iulius,NOUN,Iulius,NOUN
BVi.02c29b,http://gams.uni-graz.at/o:glossvibe.bvi#BVi.02c29b.2,uocaretur,uoco,VERB,voco,VERB
BVi.02c29c,http://gams.uni-graz.at/o:glossvibe.bvi#BVi.02c29c.0,idest,idest,CCONJ,idest,CCONJ
BVi.02c29c,http://gams.uni-graz.at/o:glossvibe.bvi#BVi.02c29c.1,qui,qui,PRON,qui,DET
BVi.02c29c,http://gams.uni-graz.at/o:glossvibe.bvi#BVi.02c29c.2,dimicauit,dimico,VERB,dimico,VERB
BVi.02c29c,http://gams.uni-graz.at/o:glossvibe.bvi#BVi.02c29c.3,contra,contra,ADP,contra,PREP
BVi.02c29c,http://gams.uni-graz.at/o:glossvibe.bvi#BVi.02c29c.4,augustum,augustus 2,PROPN,Augusta|Augustus,NOUN
BVi.02cd01.21,http://gams.uni-graz.at/o:glossvibe.bvi#BVi.02cd01.21.0,Et,et,CCONJ,et,CCONJ
BVi.02cd02.23,http://gams.uni-graz.at/o:glossvibe.bvi#BVi.02cd02.23.0,Luna,luna,NOUN,luna,NOUN
BVi.02d01,http://gams.uni-graz.at/o:glossvibe.bvi#BVi.02d01.0,quintas,quinta,NOUN,quinque,NUM
Ang.54b14e,http://gams.uni-graz.at/o:glossvibe.bvi#Ang.54b14e.0,idest,idest,CCONJ,idest,CCONJ
Ang.54b14e,http://gams.uni-graz.at/o:glossvibe.bvi#Ang.54b14e.1,romulus,romulus,PROPN,Romulus,NOUN
BVi.02d11,http://gams.uni-graz.at/o:glossvibe.bvi#BVi.02d11.0,romulus,romulus,PROPN,Romulus,NOUN
BVi.02d11,http://gams.uni-graz.at/o:glossvibe.bvi#BVi.02d11.1,in,in,ADP,in,PREP
BVi.02d11,http://gams.uni-graz.at/o:glossvibe.bvi#BVi.02d11.2,regnum,regnum,NOUN,regnum,NOUN
BVi.02d15b,http://gams.uni-graz.at/o:glossvibe.bvi#BVi.02d15b.0,idest,idest,CCONJ,idest,CCONJ
BVi.02d15b,http://gams.uni-graz.at/o:glossvibe.bvi#BVi.02d15b.1,mensibus,mensis,NOUN,mensis,NOUN
Ang.54b17b,http://gams.uni-graz.at/o:glossvibe.bvi#Ang.54b17b.0,abstractos,abstraho,VERB,abstraho,VERB
BCr.29d36c,http://gams.uni-graz.at/o:glossvibe.bvi#BCr.29d36c.0,abstractos,abstraho,VERB,abstraho,VERB
BVi.02d15a,http://gams.uni-graz.at/o:glossvibe.bvi#BVi.02d15a.0,abstractos,abstraho,VERB,abstraho,VERB
BVi.02d16,http://gams.uni-graz.at/o:glossvibe.bvi#BVi.02d16.0,dies,dies,NOUN,dies,NOUN
BVi.02d22,http://gams.uni-graz.at/o:glossvibe.bvi#BVi.02d22.0,idest,idest,CCONJ,idest,CCONJ
BVi.02d22,http://gams.uni-graz.at/o:glossvibe.bvi#BVi.02d22.1,orco,orco,NOUN,Orcus,NOUN
Ang.54b23c,http://gams.uni-graz.at/o:glossvibe.bvi#Ang.54b23c.0,idest,idest,CCONJ,idest,CCONJ
Ang.54b23c,http://gams.uni-graz.at/o:glossvibe.bvi#Ang.54b23c.1,sacrificia,sacrificium,NOUN,sacrificium,NOUN
BCr.29d48a,http://gams.uni-graz.at/o:glossvibe.bvi#BCr.29d48a.0,idest,idest,CCONJ,idest,CCONJ
BCr.29d48a,http://gams.uni-graz.at/o:glossvibe.bvi#BCr.29d48a.1,sacrificia,sacrificium,NOUN,sacrificium,NOUN
BVi.02d25,http://gams.uni-graz.at/o:glossvibe.bvi#BVi.02d25.0,sacrificia,sacrificium,NOUN,sacrificium,NOUN
Sg.66.01,http://gams.uni-graz.at/o:glossvibe.bvi#Sg.66.01.0,idest,idest,CCONJ,idest,CCONJ
Sg.66.01,http://gams.uni-graz.at/o:glossvibe.bvi#Sg.66.01.1,sacrificia,sacrificium,NOUN,sacrificium,NOUN
BCr.29d50,http://gams.uni-graz.at/o:glossvibe.bvi#BCr.29d50.0,idest,idest,CCONJ,idest,CCONJ
Ang.54b27b,http://gams.uni-graz.at/o:glossvibe.bvi#Ang.54b27b.0,candelas,candela,NOUN,candela,NOUN
BVi.02d30,http://gams.uni-graz.at/o:glossvibe.bvi#BVi.02d30.0,idest,idest,CCONJ,idest,CCONJ
BVi.02d30,http://gams.uni-graz.at/o:glossvibe.bvi#BVi.02d30.1,lucernas,lucerna,NOUN,lucerna,NOUN
BVi.02d31,http://gams.uni-graz.at/o:glossvibe.bvi#BVi.02d31.0,in,in,ADP,in,PREP
BVi.02d31,http://gams.uni-graz.at/o:glossvibe.bvi#BVi.02d31.1,ceteris,ceterus,DET,ceterus,ADJ
Ang.54b34c,http://gams.uni-graz.at/o:glossvibe.bvi#Ang.54b34c.0,idest,idest,CCONJ,idest,CCONJ
BVi.03a04,http://gams.uni-graz.at/o:glossvibe.bvi#BVi.03a04.0,circulum,circulus,NOUN,circulus,NOUN
BVi.03a05,http://gams.uni-graz.at/o:glossvibe.bvi#BVi.03a05.0,dies,dies,NOUN,dies,NOUN
Ang.54abis06c,http://gams.uni-graz.at/o:glossvibe.bvi#Ang.54abis06c.0,idest,idest,CCONJ,idest,CCONJ
Ang.54abis06c,http://gams.uni-graz.at/o:glossvibe.bvi#Ang.54abis06c.1,fefellit,fallo,VERB,fallo,VERB
Ang.54abis06c,http://gams.uni-graz.at/o:glossvibe.bvi#Ang.54abis06c.2,ordo,ordo,NOUN,ordo,NOUN
Ang.54abis06c,http://gams.uni-graz.at/o:glossvibe.bvi#Ang.54abis06c.3,grecorum,graecus,NOUN,grecus,ADJ
Ang.54abis06c,http://gams.uni-graz.at/o:glossvibe.bvi#Ang.54abis06c.4,romannorum,romanus,NOUN,romannorum,ADJ
BCr.30a24a,http://gams.uni-graz.at/o:glossvibe.bvi#BCr.30a24a.0,idest,idest,CCONJ,idest,CCONJ
BCr.30a24a,http://gams.uni-graz.at/o:glossvibe.bvi#BCr.30a24a.1,fefellit,fallo,VERB,fallo,VERB
BVi.03a09a,http://gams.uni-graz.at/o:glossvibe.bvi#BVi.03a09a.0,fefellit,fallo,VERB,fallo,VERB
Sg.66.22a,http://gams.uni-graz.at/o:glossvibe.bvi#Sg.66.22a.0,idest,idest,CCONJ,idest,CCONJ
Sg.66.22a,http://gams.uni-graz.at/o:glossvibe.bvi#Sg.66.22a.1,fefellit,fallo,VERB,fallo,VERB
BVi.03a09b,http://gams.uni-graz.at/o:glossvibe.bvi#BVi.03a09b.0,idest,idest,CCONJ,idest,CCONJ
BVi.03a09b,http://gams.uni-graz.at/o:glossvibe.bvi#BVi.03a09b.1,anni,annus,NOUN,annus,NOUN
Ang.54abis07a,http://gams.uni-graz.at/o:glossvibe.bvi#Ang.54abis07a.0,idest,idest,CCONJ,idest,CCONJ
Ang.54abis22a,http://gams.uni-graz.at/o:glossvibe.bvi#Ang.54abis22a.0,festis,festis,NOUN,festus,ADJ
Ang.54abis22a,http://gams.uni-graz.at/o:glossvibe.bvi#Ang.54abis22a.1,termini,terminus,PROPN,termen|terminus,NOUN
BCr.30a50,http://gams.uni-graz.at/o:glossvibe.bvi#BCr.30a50.0,idest,idest,CCONJ,idest,CCONJ
BCr.30a50,http://gams.uni-graz.at/o:glossvibe.bvi#BCr.30a50.1,feris,feria,NOUN,ferus,ADJ
BCr.30a50,http://gams.uni-graz.at/o:glossvibe.bvi#BCr.30a50.2,termini,terminus,PROPN,termen|terminus,NOUN
BCr.30a50,http://gams.uni-graz.at/o:glossvibe.bvi#BCr.30a50.3,hic,hic,DET,hic,DIMOS
Sg.67.08a,http://gams.uni-graz.at/o:glossvibe.bvi#Sg.67.08a.0,idest,idest,CCONJ,idest,CCONJ
Sg.67.08a,http://gams.uni-graz.at/o:glossvibe.bvi#Sg.67.08a.1,feriae,feria,NOUN,feria,NOUN
Sg.67.08a,http://gams.uni-graz.at/o:glossvibe.bvi#Sg.67.08a.2,terminalis,terminalis,ADJ,Terminal,NOUN
BVi.03a44b,http://gams.uni-graz.at/o:glossvibe.bvi#BVi.03a44b.0,idest,idest,CCONJ,idest,CCONJ
BVi.03a44b,http://gams.uni-graz.at/o:glossvibe.bvi#BVi.03a44b.1,horae,hora,CCONJ,hora,NOUN
Ang.54bbis09b,http://gams.uni-graz.at/o:glossvibe.bvi#Ang.54bbis09b.0,exemplum,exemplum,NOUN,exemplum,NOUN
BCr.30b29,http://gams.uni-graz.at/o:glossvibe.bvi#BCr.30b29.0,idest,idest,CCONJ,idest,CCONJ
BCr.30b29,http://gams.uni-graz.at/o:glossvibe.bvi#BCr.30b29.1,exemplum,exemplum,NOUN,exemplum,NOUN
BVi.03b15,http://gams.uni-graz.at/o:glossvibe.bvi#BVi.03b15.0,exemplum,exemplum,NOUN,exemplum,NOUN
Sg.67.30,http://gams.uni-graz.at/o:glossvibe.bvi#Sg.67.30.0,idest,idest,CCONJ,idest,CCONJ
Sg.67.30,http://gams.uni-graz.at/o:glossvibe.bvi#Sg.67.30.1,exemplum,exemplum,NOUN,exemplum,NOUN
BCr.30b03,http://gams.uni-graz.at/o:glossvibe.bvi#BCr.30b03.0,idest,idest,CCONJ,idest,CCONJ
BCr.30b03,http://gams.uni-graz.at/o:glossvibe.bvi#BCr.30b03.1,templum,templum,NOUN,templum,NOUN
BCr.30b03,http://gams.uni-graz.at/o:glossvibe.bvi#BCr.30b03.2,iouis,iouis,PROPN,Iovis|Iuppiter,NOUN
BCr.30b03,http://gams.uni-graz.at/o:glossvibe.bvi#BCr.30b03.3,in,in,ADP,in,PREP
BCr.30b03,http://gams.uni-graz.at/o:glossvibe.bvi#BCr.30b03.4,quo,qui,PRON,qui,DET
BCr.30b03,http://gams.uni-graz.at/o:glossvibe.bvi#BCr.30b03.5,capita,capitum,NOUN,capitum|caput,NOUN
BCr.30b03,http://gams.uni-graz.at/o:glossvibe.bvi#BCr.30b03.6,deorum,deus,PROPN,Deus,NOUN
BCr.30b03,http://gams.uni-graz.at/o:glossvibe.bvi#BCr.30b03.7,incaelatura,incaelatus,ADJ,incaelatura,ADJ
BCr.30b03,http://gams.uni-graz.at/o:glossvibe.bvi#BCr.30b03.8,fiebant,facio,VERB,fio,VERB
BVi.03a38,http://gams.uni-graz.at/o:glossvibe.bvi#BVi.03a38.0,idest,idest,CCONJ,idest,CCONJ
BVi.03a38,http://gams.uni-graz.at/o:glossvibe.bvi#BVi.03a38.1,templum,templum,NOUN,templum,NOUN
BVi.03a38,http://gams.uni-graz.at/o:glossvibe.bvi#BVi.03a38.2,idoli,idolum,NOUN,idolon|idolum,NOUN
Sg.67.15,http://gams.uni-graz.at/o:glossvibe.bvi#Sg.67.15.0,templum,templum,NOUN,templum,NOUN
Sg.67.15,http://gams.uni-graz.at/o:glossvibe.bvi#Sg.67.15.1,iouis,iouis,PROPN,iouis,VERB
Sg.67.15,http://gams.uni-graz.at/o:glossvibe.bvi#Sg.67.15.2,in,in,ADP,in,PREP
Sg.67.15,http://gams.uni-graz.at/o:glossvibe.bvi#Sg.67.15.3,quo,qui,PRON,qui,DET
Sg.67.15,http://gams.uni-graz.at/o:glossvibe.bvi#Sg.67.15.4,capita,capitum,NOUN,capitum|caput,NOUN
Sg.67.15,http://gams.uni-graz.at/o:glossvibe.bvi#Sg.67.15.5,deorum,deus,PROPN,Deus,NOUN
Sg.67.15,http://gams.uni-graz.at/o:glossvibe.bvi#Sg.67.15.6,incelatura,incaelatus,ADJ,incelatura,ADJ
Sg.67.15,http://gams.uni-graz.at/o:glossvibe.bvi#Sg.67.15.7,fiebant,facio,VERB,fio,VERB
Ang.54abis27a,http://gams.uni-graz.at/o:glossvibe.bvi#Ang.54abis27a.0,idest,idest,CCONJ,idest,CCONJ
Ang.54abis27a,http://gams.uni-graz.at/o:glossvibe.bvi#Ang.54abis27a.1,maiori,magnus,ADJ,magnus,ADJ
Ang.54abis27a,http://gams.uni-graz.at/o:glossvibe.bvi#Ang.54abis27a.2,pontifici,pontifex,NOUN,pontifex,NOUN
BCr.30b01,http://gams.uni-graz.at/o:glossvibe.bvi#BCr.30b01.0,idest,idest,CCONJ,idest,CCONJ
BCr.30b01,http://gams.uni-graz.at/o:glossvibe.bvi#BCr.30b01.10,uel,uel,CCONJ,vel,CCONJ
BCr.30b01,http://gams.uni-graz.at/o:glossvibe.bvi#BCr.30b01.11,pontifici,pontifex,NOUN,pontifex,NOUN
BCr.30b01,http://gams.uni-graz.at/o:glossvibe.bvi#BCr.30b01.12,maiori,magnus,ADJ,magnus,ADJ
Sg.67.13b,http://gams.uni-graz.at/o:glossvibe.bvi#Sg.67.13b.0,idest,idest,CCONJ,idest,CCONJ
Sg.67.13b,http://gams.uni-graz.at/o:glossvibe.bvi#Sg.67.13b.1,regi,rex,NOUN,rex,NOUN
Sg.67.13b,http://gams.uni-graz.at/o:glossvibe.bvi#Sg.67.13b.2,colenti,colo,VERB,colens,ADJ
Sg.67.13b,http://gams.uni-graz.at/o:glossvibe.bvi#Sg.67.13b.3,sacrificia,sacrificium,NOUN,sacrificium,NOUN
Ang.54abis29a,http://gams.uni-graz.at/o:glossvibe.bvi#Ang.54abis29a.0,quia,quia,SCONJ,quia,CS
Ang.54abis29a,http://gams.uni-graz.at/o:glossvibe.bvi#Ang.54abis29a.1,in,in,ADP,in,PREP
Ang.54abis29a,http://gams.uni-graz.at/o:glossvibe.bvi#Ang.54abis29a.2,ea,is,PRON,is,DET
Ang.54abis29a,http://gams.uni-graz.at/o:glossvibe.bvi#Ang.54abis29a.3,uocabatur,uoco,VERB,voco,VERB
Ang.54abis29a,http://gams.uni-graz.at/o:glossvibe.bvi#Ang.54abis29a.4,plebs,plebs,NOUN,plebs,NOUN
BVi.03a39,http://gams.uni-graz.at/o:glossvibe.bvi#BVi.03a39.0,idest,idest,CCONJ,idest,CCONJ
BVi.03a39,http://gams.uni-graz.at/o:glossvibe.bvi#BVi.03a39.1,plebum,plebs,NOUN,plebes|plebs,NOUN
BVi.03a39,http://gams.uni-graz.at/o:glossvibe.bvi#BVi.03a39.2,loci,locus,NOUN,locum|locus,NOUN
Ang.54bbis17c,http://gams.uni-graz.at/o:glossvibe.bvi#Ang.54bbis17c.0,reuententis,reuertor,VERB,reuententis,VERB
Ang.54bbis17c,http://gams.uni-graz.at/o:glossvibe.bvi#Ang.54bbis17c.1,in,in,ADP,in,PREP
Ang.54bbis17c,http://gams.uni-graz.at/o:glossvibe.bvi#Ang.54bbis17c.2,suum,suus,DET,suus,POSS
Ang.54bbis17c,http://gams.uni-graz.at/o:glossvibe.bvi#Ang.54bbis17c.3,locum,locus,NOUN,locum|locus,NOUN
Ang.54bbis17c,http://gams.uni-graz.at/o:glossvibe.bvi#Ang.54bbis17c.4,primum,primus 1,ADJ,unus,NUM
BVi.03b27,http://gams.uni-graz.at/o:glossvibe.bvi#BVi.03b27.0,reuertentis,reuertor,VERB,reverto,VERB
BVi.03b27,http://gams.uni-graz.at/o:glossvibe.bvi#BVi.03b27.1,in,in,ADP,in,PREP
BVi.03b27,http://gams.uni-graz.at/o:glossvibe.bvi#BVi.03b27.2,suum,suus,DET,suus,POSS
BVi.03b27,http://gams.uni-graz.at/o:glossvibe.bvi#BVi.03b27.3,locum,locus,NOUN,locum|locus,NOUN
Ang.54bbis20b,http://gams.uni-graz.at/o:glossvibe.bvi#Ang.54bbis20b.0,primus,primus 1,ADJ,unus,NUM
Ang.54bbis20b,http://gams.uni-graz.at/o:glossvibe.bvi#Ang.54bbis20b.1,dies,dies,NOUN,dies,NOUN
Ang.54bbis20b,http://gams.uni-graz.at/o:glossvibe.bvi#Ang.54bbis20b.2,primi,primus 1,ADJ,unus,NUM
Ang.54bbis20b,http://gams.uni-graz.at/o:glossvibe.bvi#Ang.54bbis20b.3,mensis,mensis,NOUN,mensa|mensis,NOUN
Ang.54bbis20b,http://gams.uni-graz.at/o:glossvibe.bvi#Ang.54bbis20b.4,et,et,CCONJ,et,CCONJ
Ang.54bbis20b,http://gams.uni-graz.at/o:glossvibe.bvi#Ang.54bbis20b.5,secundus,secundus,ADJ,secundus,ADJ
Ang.54bbis20b,http://gams.uni-graz.at/o:glossvibe.bvi#Ang.54bbis20b.6,reliqua,reliquus,DET,reliquus,ADJ
BCr.30b36,http://gams.uni-graz.at/o:glossvibe.bvi#BCr.30b36.0,idest,idest,CCONJ,idest,CCONJ
BCr.30b36,http://gams.uni-graz.at/o:glossvibe.bvi#BCr.30b36.10,mensis,mensis,NOUN,mensa|mensis,NOUN
BCr.30b36,http://gams.uni-graz.at/o:glossvibe.bvi#BCr.30b36.11,reliqua,reliquus,DET,reliquus,ADJ
BVi.03b31,http://gams.uni-graz.at/o:glossvibe.bvi#BVi.03b31.0,idest,idest,CCONJ,idest,CCONJ
BVi.03b31,http://gams.uni-graz.at/o:glossvibe.bvi#BVi.03b31.1,primus,primus 1,ADJ,unus,NUM
BVi.03b31,http://gams.uni-graz.at/o:glossvibe.bvi#BVi.03b31.2,dies,dies,NOUN,dies,NOUN
BVi.03b31,http://gams.uni-graz.at/o:glossvibe.bvi#BVi.03b31.3,primi,primus 1,ADJ,unus,NUM
BVi.03b31,http://gams.uni-graz.at/o:glossvibe.bvi#BVi.03b31.4,secundus,secundus,ADJ,secundus,ADJ
BVi.03b31,http://gams.uni-graz.at/o:glossvibe.bvi#BVi.03b31.5,dies,dies,NOUN,dies,NOUN
BVi.03b31,http://gams.uni-graz.at/o:glossvibe.bvi#BVi.03b31.6,secundi,secundus,ADJ,duo,NUM
Sg.68.06a,http://gams.uni-graz.at/o:glossvibe.bvi#Sg.68.06a.0,sic,sic,ADV,sic,ADV
Sg.68.06a,http://gams.uni-graz.at/o:glossvibe.bvi#Sg.68.06a.1,numerant,numero,VERB,numero,VERB
Sg.68.06a,http://gams.uni-graz.at/o:glossvibe.bvi#Sg.68.06a.2,primus,primus 1,ADJ,unus,NUM
Sg.68.06a,http://gams.uni-graz.at/o:glossvibe.bvi#Sg.68.06a.3,dies,dies,NOUN,dies,NOUN
Sg.68.06a,http://gams.uni-graz.at/o:glossvibe.bvi#Sg.68.06a.4,primi,primus 1,ADJ,unus,NUM
Sg.68.06a,http://gams.uni-graz.at/o:glossvibe.bvi#Sg.68.06a.5,mensis,mensis,NOUN,mensa|mensis,NOUN
Sg.68.06a,http://gams.uni-graz.at/o:glossvibe.bvi#Sg.68.06a.6,secundi,secundus,ADJ,duo,NUM
Sg.68.06a,http://gams.uni-graz.at/o:glossvibe.bvi#Sg.68.06a.7,dies,dies,NOUN,dies,NOUN
Sg.68.06a,http://gams.uni-graz.at/o:glossvibe.bvi#Sg.68.06a.8,secundi,secundus,ADJ,duo,NUM
Sg.68.06a,http://gams.uni-graz.at/o:glossvibe.bvi#Sg.68.06a.9,mensis,mensis,NOUN,mensa|mensis,NOUN
BVi.03b23,http://gams.uni-graz.at/o:glossvibe.bvi#BVi.03b23.0,primus,primus 1,ADJ,unus,NUM
BVi.03b23,http://gams.uni-graz.at/o:glossvibe.bvi#BVi.03b23.1,dies,dies,NOUN,dies,NOUN
BVi.03b23,http://gams.uni-graz.at/o:glossvibe.bvi#BVi.03b23.2,primi,primus 1,ADJ,unus,NUM
BCr.30c01,http://gams.uni-graz.at/o:glossvibe.bvi#BCr.30c01.0,apostolorum,apostolus,NOUN,apostolus,NOUN
BVi.03b37b,http://gams.uni-graz.at/o:glossvibe.bvi#BVi.03b37b.0,epistula,epistula,NOUN,epistula,NOUN
BVi.03b37b,http://gams.uni-graz.at/o:glossvibe.bvi#BVi.03b37b.1,apostolorum,apostolus,NOUN,apostolus,NOUN
Ang.54bbis28c,http://gams.uni-graz.at/o:glossvibe.bvi#Ang.54bbis28c.0,die,dies,NOUN,dies,NOUN
BVi.03b39a,http://gams.uni-graz.at/o:glossvibe.bvi#BVi.03b39a.0,idest,idest,CCONJ,idest,CCONJ
BVi.03b39a,http://gams.uni-graz.at/o:glossvibe.bvi#BVi.03b39a.1,die,dies,NOUN,dies,NOUN
Ang.54bbis31b,http://gams.uni-graz.at/o:glossvibe.bvi#Ang.54bbis31b.0,idest,idest,CCONJ,idest,CCONJ
Ang.54bbis31b,http://gams.uni-graz.at/o:glossvibe.bvi#Ang.54bbis31b.1,adiuuatur,adiuuo,VERB,adiuuatur,VERB
BCr.30c07,http://gams.uni-graz.at/o:glossvibe.bvi#BCr.30c07.0,adiunguitur,adiungo,VERB,adiunguitur,VERB
BVi.03b43a,http://gams.uni-graz.at/o:glossvibe.bvi#BVi.03b43a.0,adiuuatur,adiuuo,VERB,adiuuatur,VERB
Sg.68.22,http://gams.uni-graz.at/o:glossvibe.bvi#Sg.68.22.0,idest,idest,CCONJ,idest,CCONJ
Sg.68.22,http://gams.uni-graz.at/o:glossvibe.bvi#Sg.68.22.1,adiuuat,adiuuo,VERB,adiuuat,VERB
BVi.03b43b,http://gams.uni-graz.at/o:glossvibe.bvi#BVi.03b43b.0,idest,idest,CCONJ,idest,CCONJ
BVi.03b43b,http://gams.uni-graz.at/o:glossvibe.bvi#BVi.03b43b.1,est,sum,VERB,sum,ESSE:IND
Ang.54bbis37a,http://gams.uni-graz.at/o:glossvibe.bvi#Ang.54bbis37a.0,idest,idest,CCONJ,idest,CCONJ
Ang.54bbis37a,http://gams.uni-graz.at/o:glossvibe.bvi#Ang.54bbis37a.1,distios,distios,PROPN,distios,ADJ
Ang.54bbis37a,http://gams.uni-graz.at/o:glossvibe.bvi#Ang.54bbis37a.2,et,et,CCONJ,et,CCONJ
Ang.54bbis37a,http://gams.uni-graz.at/o:glossvibe.bvi#Ang.54bbis37a.3,martiis,martius,PROPN,Martius,ADJ
BVi.03c05,http://gams.uni-graz.at/o:glossvibe.bvi#BVi.03c05.0,distios,distios,PROPN,distios,ADJ
BVi.03c05,http://gams.uni-graz.at/o:glossvibe.bvi#BVi.03c05.1,et,et,CCONJ,et,CCONJ
BVi.03c05,http://gams.uni-graz.at/o:glossvibe.bvi#BVi.03c05.2,martius,martius,PROPN,Martius,ADJ
BVi.03d18a,http://gams.uni-graz.at/o:glossvibe.bvi#BVi.03d18a.0,agimus,ago,VERB,ago,VERB
Ang.55b06b,http://gams.uni-graz.at/o:glossvibe.bvi#Ang.55b06b.0,ago,ago,VERB,ago,VERB
BVi.03d18b,http://gams.uni-graz.at/o:glossvibe.bvi#BVi.03d18b.0,ago,ago,VERB,ago,VERB
Ang.55b21b,http://gams.uni-graz.at/o:glossvibe.bvi#Ang.55b21b.0,idest,idest,CCONJ,idest,CCONJ
Ang.55b21b,http://gams.uni-graz.at/o:glossvibe.bvi#Ang.55b21b.1,sagitarius,sagittarius,NOUN,sagitarius,ADJ
BCr.30d51,http://gams.uni-graz.at/o:glossvibe.bvi#BCr.30d51.0,sagitarius,sagittarius,NOUN,sagitarius,ADJ
BVi.03d34,http://gams.uni-graz.at/o:glossvibe.bvi#BVi.03d34.0,sagittarius,sagittarius,NOUN,sagittarius,NOUN
BVi.04a10,http://gams.uni-graz.at/o:glossvibe.bvi#BVi.04a10.0,·l·,(Roman numerals),NUM,·l·,ADJ
BVi.04a10,http://gams.uni-graz.at/o:glossvibe.bvi#BVi.04a10.1,satius,satius,NOUN,satius,ADV
Ang.58a11b,http://gams.uni-graz.at/o:glossvibe.bvi#Ang.58a11b.0,super,super,ADP,super,PREP
Ang.57b26d,http://gams.uni-graz.at/o:glossvibe.bvi#Ang.57b26d.0,in,in,ADP,in,PREP
Ang.57b26d,http://gams.uni-graz.at/o:glossvibe.bvi#Ang.57b26d.1,quo,qui,PRON,qui,DET
Ang.57b26d,http://gams.uni-graz.at/o:glossvibe.bvi#Ang.57b26d.2,es,sum,VERB,sum,ESSE:IND
BCr.32a54,http://gams.uni-graz.at/o:glossvibe.bvi#BCr.32a54.0,idest,idest,CCONJ,idest,CCONJ
BCr.32a36b,http://gams.uni-graz.at/o:glossvibe.bvi#BCr.32a36b.0,idest,idest,CCONJ,idest,CCONJ
BCr.32a36b,http://gams.uni-graz.at/o:glossvibe.bvi#BCr.32a36b.1,crementum,crementus,NOUN,crementum,NOUN
BVi.04a40.47,http://gams.uni-graz.at/o:glossvibe.bvi#BVi.04a40.47.0,crementus,crementus,NOUN,crementus,NOUN
Ang.58a15a,http://gams.uni-graz.at/o:glossvibe.bvi#Ang.58a15a.0,regularis,regularis,ADJ,regularis,ADJ
Ang.58a15a,http://gams.uni-graz.at/o:glossvibe.bvi#Ang.58a15a.1,paginae,pagina,NOUN,pagina,NOUN
BCr.32b07,http://gams.uni-graz.at/o:glossvibe.bvi#BCr.32b07.0,idest,idest,CCONJ,idest,CCONJ
BCr.32b07,http://gams.uni-graz.at/o:glossvibe.bvi#BCr.32b07.1,paginae,pagina,NOUN,pagina,NOUN
BCr.32b07,http://gams.uni-graz.at/o:glossvibe.bvi#BCr.32b07.2,regularis,regularis,ADJ,regularis,ADJ
BVi.04b16.53,http://gams.uni-graz.at/o:glossvibe.bvi#BVi.04b16.53.0,pagine,pagina,NOUN,pagine,NOUN
BVi.04b16.53,http://gams.uni-graz.at/o:glossvibe.bvi#BVi.04b16.53.1,regularis,regularis,ADJ,regularis,ADJ
Sg.77.06,http://gams.uni-graz.at/o:glossvibe.bvi#Sg.77.06.0,idest,idest,CCONJ,idest,CCONJ
Sg.77.06,http://gams.uni-graz.at/o:glossvibe.bvi#Sg.77.06.1,paginae,pagina,NOUN,pagina,NOUN
Sg.77.06,http://gams.uni-graz.at/o:glossvibe.bvi#Sg.77.06.2,regularis,regularis,ADJ,regularis,ADJ
Ang.58a22a,http://gams.uni-graz.at/o:glossvibe.bvi#Ang.58a22a.0,quia,quia,SCONJ,quia,CS
Ang.58a22a,http://gams.uni-graz.at/o:glossvibe.bvi#Ang.58a22a.1,non,imperium,NOUN,non,ADV
Ang.58a22a,http://gams.uni-graz.at/o:glossvibe.bvi#Ang.58a22a.2,explorat,exploro,VERB,exploro,VERB
Ang.58a22a,http://gams.uni-graz.at/o:glossvibe.bvi#Ang.58a22a.3,argumentum,argumentum,NOUN,argumentum,NOUN
Ang.58a22a,http://gams.uni-graz.at/o:glossvibe.bvi#Ang.58a22a.4,nisi,nisi,CCONJ,nisi,CS
Ang.58a22a,http://gams.uni-graz.at/o:glossvibe.bvi#Ang.58a22a.5,annum,annus,NOUN,annus,NOUN
Ang.58a22a,http://gams.uni-graz.at/o:glossvibe.bvi#Ang.58a22a.6,saluum,saluus,NOUN,salvus,ADJ
Ang.58a23e,http://gams.uni-graz.at/o:glossvibe.bvi#Ang.58a23e.0,in,in,ADP,in,PREP
Ang.58a23e,http://gams.uni-graz.at/o:glossvibe.bvi#Ang.58a23e.1,fine,finis,NOUN,finis,NOUN
Ang.58a23e,http://gams.uni-graz.at/o:glossvibe.bvi#Ang.58a23e.2,ogdad,nan,CCONJ,ogdad,VERB
BVi.04b25a,http://gams.uni-graz.at/o:glossvibe.bvi#BVi.04b25a.0,finis,finis,NOUN,finis,NOUN
BVi.04b25a,http://gams.uni-graz.at/o:glossvibe.bvi#BVi.04b25a.1,ogdad,nan,CCONJ,ogdad,VERB
BVi.04b25b,http://gams.uni-graz.at/o:glossvibe.bvi#BVi.04b25b.0,argument,nan,CCONJ,argument,VERB
Ang.58a32,http://gams.uni-graz.at/o:glossvibe.bvi#Ang.58a32.0,finis,finis,NOUN,finis,NOUN
Ang.58a32,http://gams.uni-graz.at/o:glossvibe.bvi#Ang.58a32.1,circuli,circulus,NOUN,circulus,NOUN
Ang.58a32,http://gams.uni-graz.at/o:glossvibe.bvi#Ang.58a32.2,est,sum,VERB,sum,ESSE:IND
Ang.58a37h,http://gams.uni-graz.at/o:glossvibe.bvi#Ang.58a37h.0,egiptii,aegyptius,ADJ,egiptii,NOUN
Ang.58a37h,http://gams.uni-graz.at/o:glossvibe.bvi#Ang.58a37h.1,in,in,ADP,in,PREP
BCr.32c16,http://gams.uni-graz.at/o:glossvibe.bvi#BCr.32c16.0,idest,idest,CCONJ,idest,CCONJ
BCr.32c16,http://gams.uni-graz.at/o:glossvibe.bvi#BCr.32c16.1,supradicto,supradico,VERB,supradico,VERB
BVi.04c21a,http://gams.uni-graz.at/o:glossvibe.bvi#BVi.04c21a.0,supradicto,supradico,VERB,supradico,VERB
BCr.32c20b,http://gams.uni-graz.at/o:glossvibe.bvi#BCr.32c20b.0,supradicto,supradico,VERB,supradico,VERB
BVi.04c23b,http://gams.uni-graz.at/o:glossvibe.bvi#BVi.04c23b.0,idest,idest,CCONJ,idest,CCONJ
BVi.04c23b,http://gams.uni-graz.at/o:glossvibe.bvi#BVi.04c23b.1,supradicto,supradico,VERB,supradico,VERB
Ang.58b15b,http://gams.uni-graz.at/o:glossvibe.bvi#Ang.58b15b.0,idest,idest,CCONJ,idest,CCONJ
Ang.58b15b,http://gams.uni-graz.at/o:glossvibe.bvi#Ang.58b15b.1,praesenti,praesens,ADJ,praesens,ADJ
Ang.58b15b,http://gams.uni-graz.at/o:glossvibe.bvi#Ang.58b15b.2,argumento,argumentum,NOUN,argumentum,NOUN
BCr.32c21,http://gams.uni-graz.at/o:glossvibe.bvi#BCr.32c21.0,argumentum,argumentum,NOUN,argumentum,NOUN
BVi.04c24a,http://gams.uni-graz.at/o:glossvibe.bvi#BVi.04c24a.0,argumento,argumentum,NOUN,argumentum,NOUN
Ang.58b06c,http://gams.uni-graz.at/o:glossvibe.bvi#Ang.58b06c.0,egiptiorum,aegyptius,ADJ,egiptiorum,ADJ
BVi.04c10.60,http://gams.uni-graz.at/o:glossvibe.bvi#BVi.04c10.60.0,aetas,aetas,NOUN,aetas,NOUN
BVi.04c10.60,http://gams.uni-graz.at/o:glossvibe.bvi#BVi.04c10.60.1,lunae,luna,NOUN,luna,NOUN
Ang.59a15,http://gams.uni-graz.at/o:glossvibe.bvi#Ang.59a15.0,idest,idest,CCONJ,idest,CCONJ
Ang.59a15,http://gams.uni-graz.at/o:glossvibe.bvi#Ang.59a15.1,dies,dies,NOUN,dies,NOUN
BVi.04d30,http://gams.uni-graz.at/o:glossvibe.bvi#BVi.04d30.0,idest,idest,CCONJ,idest,CCONJ
BVi.04d30,http://gams.uni-graz.at/o:glossvibe.bvi#BVi.04d30.1,dies,dies,NOUN,dies,NOUN
